year,country,count,granted_count,granted_family_ge_2_count
2020,SI,0,0,0
2020,ZA,0,0,0
2020,UA,0,0,0
2020,TH,0,0,0
2020,PH,0,0,0
2020,PA,0,0,0
2020,MY,0,0,0
2020,HU,0,0,0
2020,GR,0,0,0
2020,FI,0,0,0
2020,EG,0,0,0
2020,BR,0,0,0
2020,BG,0,0,0
2020,AR,0,0,0
1980,SI,0,0,0
1980,AR,804,784,77
1980,AU,945,613,443
1980,BE,1320,906,789
1980,BG,1607,1538,142
1980,BR,883,71,46
1980,CA,1839,1463,947
1980,CH,9114,5876,5188
1980,CN,19,16,4
1980,DE,46428,22002,20420
1980,DK,1299,729,632
1980,EG,4,2,0
1980,ES,1755,1514,475
1980,FI,1412,861,628
1980,FR,22178,15288,11058
1980,GB,9806,6287,5546
1980,GR,758,743,24
1980,HU,1642,1188,971
1980,IE,127,89,73
1980,IL,591,249,181
1980,IN,22,13,7
1980,IT,14417,7371,4266
1980,JP,21103,16999,14685
1980,KR,770,744,13
1980,MA,42,38,3
1980,MX,286,268,108
1980,MY,12,11,7
1980,NL,4317,2806,2621
1980,NO,633,373,271
1980,NZ,152,107,88
1980,PA,125,85,78
1980,PH,81,80,5
1980,PL,6042,4121,157
1980,RU,459,459,3
1980,SE,5601,2626,2358
1980,SG,14,6,4
1980,TH,4,1,0
1980,UA,18,18,0
1980,US,76711,61477,32194
1980,ZA,305,216,166
1981,AR,686,652,46
1981,AU,1311,768,601
1981,BE,1352,919,765
1981,BG,1712,1648,113
1981,BR,2669,72,47
1981,CA,1912,1524,945
1981,CH,8022,4798,4343
1981,CN,27,21,5
1981,DE,46549,21044,19390
1981,DK,1362,746,625
1981,EG,1,1,0
1981,ES,2112,1796,541
1981,FI,1781,1050,804
1981,FR,21603,14749,10540
1981,GB,11261,6746,5727
1981,GR,46,30,18
1981,HU,1637,1025,893
1981,IE,143,96,71
1981,IL,597,264,197
1981,IN,31,22,12
1981,IT,15815,7408,4095
1981,JP,24816,19095,16574
1981,KR,1326,1127,34
1981,MA,44,39,3
1981,MX,270,247,70
1981,MY,12,10,6
1981,NL,4395,2748,2586
1981,NO,689,412,331
1981,NZ,122,76,51
1981,PA,85,58,37
1981,PH,136,129,0
1981,PL,4156,2876,82
1981,RU,461,461,4
1981,SE,6021,2701,2461
1981,SG,81,22,6
1981,SI,2,2,2
1981,TH,3,0,0
1981,UA,19,19,0
1981,US,77425,59753,32299
1981,ZA,342,198,153
1982,AR,573,550,36
1982,AU,1327,689,561
1982,BE,1344,878,766
1982,BG,1609,1555,112
1982,BR,3468,75,54
1982,CA,2000,1502,987
1982,CH,8122,4647,4306
1982,CN,27,19,4
1982,DE,47639,21028,19417
1982,DK,1473,835,725
1982,EG,4,4,1
1982,ES,1891,1624,460
1982,FI,2649,1215,921
1982,FR,22384,14969,10980
1982,GB,11988,6916,5814
1982,GR,46,21,19
1982,HU,1945,1240,1023
1982,IE,144,96,78
1982,IL,624,264,197
1982,IN,22,15,4
1982,IT,15419,6653,4182
1982,JP,28796,21894,19662
1982,KR,3300,2948,91
1982,MA,46,45,3
1982,MX,228,199,53
1982,MY,7,3,2
1982,NL,4560,2588,2465
1982,NO,722,420,327
1982,NZ,141,89,77
1982,PA,95,53,44
1982,PH,285,278,3
1982,PL,4069,2826,101
1982,RU,591,587,7
1982,SE,6552,2670,2507
1982,SG,26,22,10
1982,SI,9,9,9
1982,TH,3,1,1
1982,UA,19,19,1
1982,US,78567,59252,32774
1982,ZA,336,210,171
1983,AR,247,215,18
1983,AU,1270,669,551
1983,BE,1351,809,704
1983,BG,1814,1740,129
1983,BR,4252,49,41
1983,CA,1990,1456,957
1983,CH,8066,4439,4196
1983,CN,21,13,4
1983,DE,46332,19134,17433
1983,DK,2053,809,697
1983,EG,1,1,1
1983,ES,1724,1462,484
1983,FI,2941,1219,933
1983,FR,22370,14797,10762
1983,GB,10819,6063,5571
1983,GR,15,4,3
1983,HU,1505,907,759
1983,IE,117,83,75
1983,IL,632,245,196
1983,IN,22,12,5
1983,IT,14847,6087,3880
1983,JP,27465,20556,18481
1983,KR,4274,4235,80
1983,MA,22,17,1
1983,MX,255,240,35
1983,MY,4,2,1
1983,NL,4751,2607,2456
1983,NO,707,417,343
1983,NZ,172,92,75
1983,PA,131,85,81
1983,PH,273,267,0
1983,PL,4340,3011,148
1983,RU,719,716,5
1983,SE,7386,2828,2637
1983,SG,16,13,10
1983,SI,6,6,6
1983,TH,2,1,1
1983,UA,16,16,0
1983,US,77824,56822,32794
1983,ZA,326,192,159
1984,AR,59,34,18
1984,AU,1582,775,652
1984,BE,1553,979,857
1984,BG,1794,1722,148
1984,BR,4170,60,46
1984,CA,2255,1686,1118
1984,CH,8506,4664,4434
1984,CN,26,15,7
1984,DE,51862,22019,20036
1984,DK,1792,772,684
1984,EG,7,7,5
1984,ES,2046,1765,521
1984,FI,3137,1378,1014
1984,FR,23251,15196,11032
1984,GB,11387,6355,5910
1984,GR,47,23,18
1984,HU,1661,1065,922
1984,IE,158,110,94
1984,IL,724,324,275
1984,IN,44,33,16
1984,IT,15349,6443,4158
1984,JP,32145,24115,21796
1984,KR,6353,6323,158
1984,MA,32,30,1
1984,MX,248,220,49
1984,MY,8,7,7
1984,NL,5212,2906,2757
1984,NO,876,491,411
1984,NZ,176,100,82
1984,PA,96,53,47
1984,PH,248,248,1
1984,PL,4696,3102,186
1984,RU,933,931,4
1984,SE,7226,2866,2690
1984,SG,28,19,15
1984,SI,14,13,12
1984,TH,2,0,0
1984,UA,29,29,0
1984,US,82358,59462,33887
1984,ZA,355,204,173
1985,AR,76,41,10
1985,AU,1831,921,751
1985,BE,1709,1073,956
1985,BG,1890,1768,152
1985,BR,4221,78,54
1985,CA,2500,1869,1271
1985,CH,8963,5095,4749
1985,CN,726,658,29
1985,DE,53440,23680,21439
1985,DK,1683,835,729
1985,EG,1,0,0
1985,ES,2562,2241,668
1985,FI,3394,1570,1172
1985,FR,24031,15789,11519
1985,GB,12842,7477,6650
1985,GR,44,16,14
1985,HU,1725,1085,946
1985,IE,175,121,107
1985,IL,765,331,277
1985,IN,34,21,9
1985,IT,15294,7917,4880
1985,JP,38997,29694,26338
1985,KR,8307,8265,225
1985,MA,33,32,4
1985,MX,184,173,30
1985,MY,11,5,3
1985,NL,5230,2895,2654
1985,NO,895,509,416
1985,NZ,193,117,102
1985,PA,121,55,53
1985,PH,278,273,5
1985,PL,4617,2993,117
1985,RU,1122,1114,16
1985,SE,7286,2935,2758
1985,SG,38,23,20
1985,SI,15,15,14
1985,TH,3,3,0
1985,UA,22,22,0
1985,US,85367,63012,36117
1985,ZA,310,173,150
1986,AR,161,102,26
1986,AU,2286,1220,1011
1986,BE,1962,1346,1216
1986,BG,1362,1264,103
1986,BR,4615,128,98
1986,CA,2961,2294,1482
1986,CH,9177,5535,5257
1986,CN,1229,1062,121
1986,DE,57682,26578,24093
1986,DK,2016,1085,972
1986,EG,2,1,0
1986,ES,2172,1796,677
1986,FI,3282,1524,1142
1986,FR,26061,17142,12778
1986,GB,15516,9670,8340
1986,GR,29,18,8
1986,HU,1552,1036,882
1986,IE,200,156,139
1986,IL,883,455,383
1986,IN,49,28,20
1986,IT,16930,10557,6141
1986,JP,43165,33902,30579
1986,KR,10635,10590,280
1986,MA,34,33,4
1986,MX,241,234,24
1986,MY,9,7,4
1986,NL,5966,3389,3245
1986,NO,1272,696,592
1986,NZ,219,142,129
1986,PA,84,52,45
1986,PH,212,210,2
1986,PL,793,515,72
1986,RU,1410,1401,18
1986,SE,7188,2973,2831
1986,SG,26,16,11
1986,SI,12,12,11
1986,TH,5,4,2
1986,UA,40,40,0
1986,US,94291,70387,42767
1986,ZA,373,213,170
1987,AR,137,79,29
1987,AU,2437,1335,1106
1987,BE,2158,1241,1151
1987,BG,531,439,82
1987,BR,5305,217,106
1987,CA,4008,3246,2030
1987,CH,9688,5627,5359
1987,CN,3682,2456,95
1987,DE,60779,28601,25860
1987,DK,2146,1119,1009
1987,EG,3,1,0
1987,ES,2352,1983,665
1987,FI,3919,1979,1558
1987,FR,28324,18636,14483
1987,GB,17952,11382,10008
1987,GR,51,26,22
1987,HU,1424,918,772
1987,IE,319,227,199
1987,IL,1087,561,473
1987,IN,50,30,19
1987,IT,17926,12445,6826
1987,JP,52659,42082,38108
1987,KR,12258,12199,453
1987,MA,75,73,4
1987,MX,230,220,35
1987,MY,21,15,13
1987,NL,6641,3724,3579
1987,NO,1215,643,516
1987,NZ,200,124,106
1987,PA,49,21,18
1987,PH,206,202,9
1987,PL,1386,902,112
1987,RU,1788,1774,23
1987,SE,7511,3350,3106
1987,SG,37,30,25
1987,SI,34,32,31
1987,TH,12,5,2
1987,UA,92,86,3
1987,US,105486,80636,50906
1987,ZA,567,369,309
1988,AR,131,94,17
1988,AU,2493,1419,1232
1988,BE,2306,1352,1254
1988,BG,1245,1167,59
1988,BR,5210,346,133
1988,CA,4998,4055,2611
1988,CH,10378,5992,5694
1988,CN,19895,14766,109
1988,DE,65524,30748,27583
1988,DK,2428,1212,1089
1988,EG,7,2,0
1988,ES,2708,2233,801
1988,FI,4281,2182,1717
1988,FR,29881,19643,15852
1988,GB,19617,11718,10421
1988,GR,229,139,34
1988,HU,1555,905,707
1988,IE,370,242,219
1988,IL,1027,565,499
1988,IN,156,36,25
1988,IT,18311,12770,7239
1988,JP,63771,50510,46063
1988,KR,11378,11292,768
1988,MA,84,82,11
1988,MX,187,177,32
1988,MY,22,19,12
1988,NL,7655,4418,4277
1988,NO,1308,724,625
1988,NZ,191,116,107
1988,PA,42,28,25
1988,PH,183,182,3
1988,PL,5716,3374,158
1988,RU,2254,2210,36
1988,SE,7476,3413,3211
1988,SG,33,24,19
1988,SI,44,35,34
1988,TH,2,2,1
1988,UA,111,107,0
1988,US,119247,91118,58104
1988,ZA,417,272,230
1989,AR,124,95,34
1989,AU,2399,1274,1105
1989,BE,2280,1331,1265
1989,BG,1325,1245,36
1989,BR,5041,604,209
1989,CA,5584,4340,2850
1989,CH,10929,6208,5924
1989,CN,22331,16654,148
1989,DE,72410,35306,28725
1989,DK,2740,1388,1267
1989,EG,6,3,1
1989,ES,3157,2625,896
1989,FI,4566,2463,2022
1989,FR,30515,19943,16663
1989,GB,21814,12503,11378
1989,GR,261,158,46
1989,HU,1406,858,593
1989,IE,411,190,170
1989,IL,1118,633,526
1989,IN,300,60,42
1989,IT,17495,12059,7065
1989,JP,71213,55788,51436
1989,KR,12545,12361,1304
1989,MA,58,56,3
1989,MX,213,190,39
1989,MY,38,28,22
1989,NL,8553,5033,4900
1989,NO,1506,830,733
1989,NZ,212,129,123
1989,PA,58,35,33
1989,PH,218,217,4
1989,PL,2644,1568,102
1989,RU,3327,3288,52
1989,SE,7586,3662,3494
1989,SG,43,35,28
1989,SI,34,25,24
1989,TH,6,3,0
1989,UA,241,238,4
1989,US,132498,99116,64712
1989,ZA,497,323,284
1990,AR,121,64,42
1990,AU,2792,1451,1306
1990,BE,2860,1691,1634
1990,BG,912,835,28
1990,BR,5250,660,171
1990,CA,7017,4153,3017
1990,CH,12072,6848,6526
1990,CN,27943,20715,214
1990,DE,78771,38985,32926
1990,DK,3423,1876,1745
1990,EG,15,10,1
1990,ES,3366,2669,1041
1990,FI,5019,2606,2209
1990,FR,34105,22091,19368
1990,GB,23605,13370,12028
1990,GR,297,174,69
1990,HU,1508,1037,597
1990,IE,639,335,270
1990,IL,1247,761,657
1990,IN,480,50,36
1990,IT,11513,6985,6680
1990,JP,78523,59535,54999
1990,KR,15252,14904,1921
1990,MA,54,52,1
1990,MX,167,131,38
1990,MY,16,12,9
1990,NL,9929,5947,5747
1990,NO,1726,983,873
1990,NZ,221,114,97
1990,PA,32,16,13
1990,PH,186,183,3
1990,PL,3593,2078,58
1990,RU,7099,7048,114
1990,SE,8565,4190,3930
1990,SG,58,33,25
1990,SI,49,35,26
1990,TH,11,8,5
1990,UA,795,790,6
1990,US,149478,105043,69201
1990,ZA,514,316,276
1991,AR,148,88,69
1991,AU,2554,1376,1200
1991,BE,2720,1628,1534
1991,BG,733,674,9
1991,BR,5450,930,276
1991,CA,6583,4019,2938
1991,CH,11222,6558,6203
1991,CN,34520,25026,226
1991,DE,70844,35781,30715
1991,DK,3747,1931,1777
1991,EG,6,4,1
1991,ES,2909,2186,1063
1991,FI,5246,2801,2312
1991,FR,32297,20744,18084
1991,GB,22704,13101,11442
1991,GR,278,158,62
1991,HU,1392,1064,436
1991,IE,714,368,315
1991,IL,1113,680,555
1991,IN,523,44,32
1991,IT,13165,7634,6312
1991,JP,78634,60321,53960
1991,KR,19822,19289,2840
1991,MA,61,58,7
1991,MX,229,148,84
1991,MY,33,26,18
1991,NL,9138,5591,5402
1991,NO,1586,961,821
1991,NZ,185,121,100
1991,PA,31,14,10
1991,PH,178,177,4
1991,PL,3136,1782,39
1991,RU,16409,16375,106
1991,SE,8990,4680,4358
1991,SG,55,41,22
1991,SI,72,61,30
1991,TH,14,12,9
1991,UA,2331,2325,11
1991,US,153136,107886,72776
1991,ZA,525,288,240
1992,AR,120,69,54
1992,AU,3178,1730,1537
1992,BE,3207,1778,1670
1992,BG,571,394,16
1992,BR,4229,876,197
1992,CA,7420,4521,3548
1992,CH,12300,7546,6914
1992,CN,44196,35831,207
1992,DE,80505,43487,34744
1992,DK,4080,1859,1716
1992,EG,11,2,2
1992,ES,3722,2890,1182
1992,FI,5797,3545,2478
1992,FR,34970,23782,19610
1992,GB,23502,13926,11905
1992,GR,332,196,75
1992,HU,1560,1192,419
1992,IE,684,390,274
1992,IL,1408,903,727
1992,IN,577,59,48
1992,IT,14930,9490,6905
1992,JP,75159,58319,50766
1992,KR,24010,23371,3121
1992,MA,68,59,11
1992,MX,482,226,76
1992,MY,52,33,20
1992,NL,9053,5558,5233
1992,NO,2028,1271,1109
1992,NZ,373,227,204
1992,PA,17,10,8
1992,PH,150,147,1
1992,PL,3510,1698,110
1992,RU,16395,16140,296
1992,SE,9353,5228,4795
1992,SG,130,105,69
1992,SI,179,150,51
1992,TH,12,5,5
1992,UA,1726,1692,13
1992,US,159375,113752,79150
1992,ZA,496,314,248
1993,AR,147,86,60
1993,AU,3338,1848,1612
1993,BE,3857,2117,1990
1993,BG,584,319,23
1993,BR,5212,986,265
1993,CA,8243,5182,4154
1993,CH,13301,8242,7348
1993,CN,46630,38765,271
1993,DE,95045,56888,39600
1993,DK,4719,2144,1997
1993,EG,7,5,1
1993,ES,5846,4986,1352
1993,FI,6835,4185,3210
1993,FR,35310,25021,20252
1993,GB,24304,14745,12777
1993,GR,186,124,61
1993,HU,1609,1165,425
1993,IE,1043,704,380
1993,IL,1819,1206,1009
1993,IN,569,78,60
1993,IT,17179,11983,7855
1993,JP,73746,57691,51718
1993,KR,28457,27808,3592
1993,MA,61,60,9
1993,MX,208,95,45
1993,MY,83,64,31
1993,NL,10301,6313,5777
1993,NO,2238,1311,1149
1993,NZ,489,223,196
1993,PA,47,33,28
1993,PH,83,81,4
1993,PL,3437,1536,67
1993,RU,10218,9832,344
1993,SE,11247,6940,6224
1993,SG,187,140,109
1993,SI,312,258,83
1993,TH,18,10,8
1993,UA,219,198,20
1993,US,168833,121511,89114
1993,ZA,782,507,426
1994,AR,144,77,58
1994,AU,3779,2037,1809
1994,BE,4697,2711,2570
1994,BG,430,253,22
1994,BR,4882,864,237
1994,CA,8992,5662,4504
1994,CH,14124,9005,7961
1994,CN,43600,36733,286
1994,DE,104669,65237,44032
1994,DK,4383,2451,2279
1994,EG,3,2,0
1994,ES,5869,4910,1459
1994,FI,7495,4567,3564
1994,FR,37630,26922,22062
1994,GB,25050,15058,13325
1994,GR,126,67,59
1994,HU,1929,1053,306
1994,IE,958,644,422
1994,IL,2095,1419,1112
1994,IN,624,65,33
1994,IT,18143,11643,8082
1994,JP,81208,64257,58116
1994,KR,35059,34006,4911
1994,MA,104,98,3
1994,MX,135,83,33
1994,MY,86,67,36
1994,NL,11484,6355,5845
1994,NO,2494,1239,1071
1994,NZ,517,243,194
1994,PA,33,22,19
1994,PH,64,57,5
1994,PL,4055,1651,98
1994,RU,5957,5536,324
1994,SE,13545,7862,7105
1994,SG,184,127,86
1994,SI,357,274,101
1994,TH,49,40,14
1994,UA,426,383,29
1994,US,182111,132124,97009
1994,ZA,813,522,459
1995,AR,269,75,47
1995,AU,4021,2150,1934
1995,BE,5040,2898,2734
1995,BG,490,263,20
1995,BR,5936,1037,275
1995,CA,9826,6245,5098
1995,CH,15423,9468,8658
1995,CN,42213,36392,321
1995,DE,112053,69417,48152
1995,DK,4849,2794,2587
1995,EG,2,2,1
1995,ES,6398,5321,1782
1995,FI,7819,4847,3941
1995,FR,39717,28222,23523
1995,GB,27296,16525,14532
1995,GR,118,61,55
1995,HU,1829,1079,337
1995,IE,916,624,474
1995,IL,2484,1627,1344
1995,IN,525,81,59
1995,IT,21295,15220,9498
1995,JP,86717,68897,63329
1995,KR,47566,46248,7201
1995,MA,72,70,2
1995,MX,298,110,45
1995,MY,95,76,44
1995,NL,13222,8598,7529
1995,NO,2761,1371,1184
1995,NZ,574,293,265
1995,PA,24,18,16
1995,PH,31,27,4
1995,PL,4346,1546,62
1995,RU,4491,4083,370
1995,SE,14952,8753,7949
1995,SG,170,110,90
1995,SI,368,300,102
1995,TH,46,34,22
1995,UA,355,336,27
1995,US,207666,150463,111790
1995,ZA,577,357,278
1996,AR,1088,166,70
1996,AU,3989,2162,1941
1996,BE,4989,2813,2587
1996,BG,411,213,17
1996,BR,5814,1042,273
1996,CA,10556,6548,5247
1996,CH,15907,9569,8790
1996,CN,45635,39417,373
1996,DE,120328,73538,50983
1996,DK,4984,2640,2437
1996,EG,6,3,2
1996,ES,6765,5424,1737
1996,FI,8291,5074,4178
1996,FR,42258,29618,24880
1996,GB,27862,16209,14400
1996,GR,167,95,88
1996,HU,1653,675,339
1996,IE,1067,695,542
1996,IL,2597,1540,1235
1996,IN,408,157,107
1996,IT,23527,16910,10589
1996,JP,96435,75776,70302
1996,KR,54026,51988,10337
1996,MA,96,89,10
1996,MX,461,168,82
1996,MY,125,92,39
1996,NL,14880,9826,8441
1996,NO,3321,1602,1415
1996,NZ,609,316,288
1996,PA,32,18,18
1996,PH,53,47,6
1996,PL,4034,1462,73
1996,RU,2790,2316,499
1996,SE,16006,9311,8497
1996,SG,304,210,169
1996,SI,417,332,150
1996,TH,42,27,20
1996,UA,343,312,41
1996,US,218323,150682,111166
1996,ZA,614,356,309
1997,AR,1176,250,78
1997,AU,3990,2047,1857
1997,BE,5497,3027,2771
1997,BG,523,289,29
1997,BR,6034,1173,361
1997,CA,12552,7569,5891
1997,CH,17458,10513,9593
1997,CN,47526,41189,504
1997,DE,132958,79742,56456
1997,DK,5668,3148,2920
1997,EG,13,6,4
1997,ES,7018,5656,1976
1997,FI,9148,5387,4519
1997,FR,45909,31549,26909
1997,GB,29268,16668,14816
1997,GR,230,113,106
1997,HU,1489,656,306
1997,IE,1081,640,546
1997,IL,3172,1803,1532
1997,IN,484,245,188
1997,IT,24937,17783,11259
1997,JP,109132,84634,78885
1997,KR,48900,46435,11279
1997,MA,110,104,13
1997,MX,391,185,119
1997,MY,149,103,42
1997,NL,16007,10231,8768
1997,NO,3381,1614,1421
1997,NZ,663,331,262
1997,PA,75,52,47
1997,PH,20,14,3
1997,PL,3816,1418,115
1997,RU,1417,855,385
1997,SE,18812,10921,10072
1997,SG,505,336,284
1997,SI,325,243,81
1997,TH,25,17,8
1997,UA,331,305,47
1997,US,243874,168734,122966
1997,ZA,752,435,342
1998,AR,1182,359,101
1998,AU,4659,2709,2446
1998,BE,5565,3211,2955
1998,BG,379,216,27
1998,BR,5779,1172,401
1998,CA,13926,8552,6455
1998,CH,17438,10296,9466
1998,CN,51578,44832,683
1998,DE,140645,81887,58683
1998,DK,5251,3056,2850
1998,EG,28,16,12
1998,ES,7121,5815,2207
1998,FI,9662,5882,5029
1998,FR,44077,31489,27208
1998,GB,29696,16713,14861
1998,GR,267,158,151
1998,HU,1469,726,385
1998,IE,1279,680,564
1998,IL,3664,2035,1802
1998,IN,488,304,214
1998,IT,24121,16710,10830
1998,JP,100378,79516,74652
1998,KR,50329,33100,10959
1998,MA,95,93,5
1998,MX,340,170,141
1998,MY,127,100,54
1998,NL,15492,10149,8701
1998,NO,3473,1783,1566
1998,NZ,769,448,417
1998,PA,72,38,34
1998,PH,14,8,3
1998,PL,3734,1416,97
1998,RU,1294,754,417
1998,SE,19269,11288,10533
1998,SG,573,360,302
1998,SI,334,284,112
1998,TH,46,33,21
1998,UA,414,342,74
1998,US,245930,170766,125590
1998,ZA,848,513,480
1999,AR,1222,369,78
1999,AU,4751,2759,2592
1999,BE,5948,3409,3138
1999,BG,394,211,36
1999,BR,6532,1162,395
1999,CA,14687,8761,6659
1999,CH,18901,11201,10392
1999,CN,61283,53550,1111
1999,DE,151002,85670,63014
1999,DK,6021,3461,3198
1999,EG,11,8,5
1999,ES,7837,6339,2621
1999,FI,10401,6489,5736
1999,FR,47386,33402,29187
1999,GB,31801,18015,16232
1999,GR,259,130,125
1999,HU,1445,645,346
1999,IE,1494,621,544
1999,IL,4181,2352,2081
1999,IN,732,450,367
1999,IT,25042,17665,11827
1999,JP,103838,80976,76327
1999,KR,66537,43004,12069
1999,MA,123,123,6
1999,MX,303,146,115
1999,MY,154,124,49
1999,NL,17611,11566,10117
1999,NO,3752,1995,1783
1999,NZ,786,424,381
1999,PA,70,42,39
1999,PH,21,12,9
1999,PL,3477,1322,121
1999,RU,1679,1012,538
1999,SE,19818,11732,10947
1999,SG,866,579,490
1999,SI,440,337,193
1999,TH,53,45,32
1999,UA,480,414,63
1999,US,260628,179204,132565
1999,ZA,1210,626,540
2000,AR,1186,497,204
2000,AU,6845,3962,3700
2000,BE,5854,3224,3013
2000,BG,358,201,32
2000,BR,6609,1004,517
2000,CA,16269,9401,6927
2000,CH,20625,12201,11238
2000,CN,77895,64320,1512
2000,DE,160146,86273,64953
2000,DK,5763,3284,3038
2000,EG,16,10,6
2000,ES,8151,6438,2717
2000,FI,11991,7007,6251
2000,FR,50480,34656,30368
2000,GB,32526,17651,15989
2000,GR,197,79,74
2000,HU,1807,862,546
2000,IE,1708,732,680
2000,IL,4748,2593,2210
2000,IN,1149,675,538
2000,IT,26610,17721,12473
2000,JP,117725,89671,84164
2000,KR,99279,61613,15155
2000,MA,110,104,9
2000,MX,487,230,150
2000,MY,213,174,87
2000,NL,20147,12883,11286
2000,NO,3791,1930,1718
2000,NZ,1026,558,498
2000,PA,53,34,30
2000,PH,26,18,10
2000,PL,3657,1361,130
2000,RU,2057,1357,559
2000,SE,20888,11718,10793
2000,SG,1132,709,588
2000,SI,522,400,208
2000,TH,151,103,64
2000,UA,816,687,131
2000,US,291138,193570,139123
2000,ZA,1009,439,388
2001,AR,1086,444,190
2001,AU,7128,4023,3342
2001,BE,6041,3243,3013
2001,BG,399,215,26
2001,BR,6781,767,474
2001,CA,18062,9442,7247
2001,CH,22543,13151,12197
2001,CN,92493,76790,2125
2001,DE,162240,84749,64093
2001,DK,6673,3595,3321
2001,EG,14,11,7
2001,ES,8584,6570,2975
2001,FI,12543,7086,6283
2001,FR,49338,31730,27736
2001,GB,34562,18182,16403
2001,GR,284,138,133
2001,HU,1736,639,331
2001,IE,1777,753,677
2001,IL,6437,3068,2663
2001,IN,1726,940,722
2001,IT,27679,10770,10325
2001,JP,139350,97877,92053
2001,KR,86555,49891,15427
2001,MA,129,117,17
2001,MX,789,294,160
2001,MY,361,278,128
2001,NL,22657,13672,12009
2001,NO,3958,2083,1871
2001,NZ,1185,644,590
2001,PA,61,33,21
2001,PH,46,18,10
2001,PL,3189,1261,154
2001,RU,3922,3067,573
2001,SE,20103,10658,9729
2001,SG,1314,764,654
2001,SI,422,322,131
2001,TH,83,60,28
2001,UA,1328,1232,166
2001,US,336099,195693,142085
2001,ZA,1230,577,534
2002,AR,384,161,80
2002,AU,7828,4182,3253
2002,BE,5975,3064,2817
2002,BG,472,238,57
2002,BR,6911,815,480
2002,CA,18660,9779,7730
2002,CH,23077,12845,11877
2002,CN,115366,96444,3463
2002,DE,156769,81199,61898
2002,DK,6377,3291,3016
2002,EG,24,10,5
2002,ES,8800,6636,3097
2002,FI,12077,6549,5685
2002,FR,48779,30558,26344
2002,GB,32867,16585,14905
2002,GR,319,120,116
2002,HU,2038,758,440
2002,IE,2038,834,747
2002,IL,6015,2729,2306
2002,IN,2695,1383,1144
2002,IT,24731,10564,10128
2002,JP,139993,94436,89047
2002,KR,51427,30238,15164
2002,MA,145,127,18
2002,MX,793,301,148
2002,MY,396,303,132
2002,NL,23428,12739,11164
2002,NO,3934,2033,1802
2002,NZ,1173,552,469
2002,PA,59,25,23
2002,PH,43,14,10
2002,PL,3196,1232,188
2002,RU,12087,11243,635
2002,SE,18678,9495,8650
2002,SG,1530,882,759
2002,SI,549,409,238
2002,TH,108,73,34
2002,UA,2088,1984,254
2002,US,336871,194404,140648
2002,ZA,1105,466,415
2003,AR,485,184,124
2003,AU,9405,4401,3223
2003,BE,6632,3328,3078
2003,BG,454,211,58
2003,BR,7352,886,397
2003,CA,19488,9706,7906
2003,CH,24307,12950,12020
2003,CN,140444,114575,4582
2003,DE,157317,79334,60447
2003,DK,6758,3320,3044
2003,EG,64,21,8
2003,ES,8881,6428,2913
2003,FI,11595,6108,5327
2003,FR,50326,30274,26149
2003,GB,33868,16173,14325
2003,GR,273,90,83
2003,HU,1577,517,259
2003,IE,1946,736,676
2003,IL,6066,2627,2280
2003,IN,3152,1367,1135
2003,IT,20165,10599,10112
2003,JP,153386,96901,91229
2003,KR,62711,37905,19966
2003,MA,107,95,7
2003,MX,842,309,164
2003,MY,550,392,133
2003,NL,26203,12947,11217
2003,NO,3816,1888,1683
2003,NZ,1541,618,531
2003,PA,113,43,41
2003,PH,54,12,8
2003,PL,3208,1286,218
2003,RU,19475,18630,695
2003,SE,18164,8890,8185
2003,SG,1635,925,759
2003,SI,674,479,293
2003,TH,105,56,26
2003,UA,8859,8723,343
2003,US,354530,196425,144650
2003,ZA,1256,545,491
2004,AR,1148,384,120
2004,AU,11623,5472,3989
2004,BE,7053,3317,3117
2004,BG,407,166,46
2004,BR,8203,1260,580
2004,CA,19516,9209,7301
2004,CH,25905,13319,12369
2004,CN,156665,124553,5892
2004,DE,166748,82448,62893
2004,DK,7312,3438,3155
2004,EG,101,26,10
2004,ES,9427,6632,3046
2004,FI,12202,6057,5285
2004,FR,54464,32250,27879
2004,GB,35383,15852,14213
2004,GR,387,172,159
2004,HU,1914,711,460
2004,IE,2203,901,787
2004,IL,7024,2955,2534
2004,IN,2909,1041,835
2004,IT,20229,10585,10065
2004,JP,176241,105074,98786
2004,KR,122597,72942,31197
2004,MA,112,99,4
2004,MX,1012,387,217
2004,MY,730,526,214
2004,NL,28278,13543,11694
2004,NO,3595,1901,1699
2004,NZ,1790,686,607
2004,PA,71,48,44
2004,PH,64,20,16
2004,PL,3246,1347,225
2004,RU,19070,18154,900
2004,SE,19772,9564,8801
2004,SG,2461,1332,1096
2004,SI,671,426,242
2004,TH,157,86,55
2004,UA,5043,4777,286
2004,US,365038,191923,143465
2004,ZA,1764,887,698
2005,AR,1337,421,124
2005,AU,11756,5214,3609
2005,BE,8995,4170,3952
2005,BG,317,120,46
2005,BR,8023,1230,478
2005,CA,20615,9182,7374
2005,CH,28028,13639,12700
2005,CN,194070,149486,7585
2005,DE,171152,80585,61120
2005,DK,7686,3472,3236
2005,EG,133,48,11
2005,ES,11159,7178,3554
2005,FI,12435,5796,5034
2005,FR,56522,31118,26886
2005,GB,35057,14447,12806
2005,GR,305,140,119
2005,HU,1850,622,385
2005,IE,2321,851,731
2005,IL,8158,3258,2785
2005,IN,3002,1079,911
2005,IT,21270,10302,9803
2005,JP,201747,113548,106254
2005,KR,141345,88367,35653
2005,MA,149,136,17
2005,MX,919,363,207
2005,MY,679,457,175
2005,NL,31643,13179,11374
2005,NO,4221,1994,1795
2005,NZ,1746,646,569
2005,PA,93,49,44
2005,PH,65,14,11
2005,PL,2923,1205,269
2005,RU,20107,18978,893
2005,SE,18709,8946,8173
2005,SG,2601,1351,1093
2005,SI,800,493,282
2005,TH,143,80,40
2005,UA,8032,7665,343
2005,US,386741,193871,144993
2005,ZA,1536,693,547
2006,AR,1278,412,152
2006,AU,10926,4679,3243
2006,BE,8984,3954,3775
2006,BG,356,192,45
2006,BR,7981,1322,497
2006,CA,20899,9153,7246
2006,CH,29130,13620,12522
2006,CN,232344,171128,8296
2006,DE,166384,75703,57339
2006,DK,7290,3151,2947
2006,EG,130,66,15
2006,ES,10716,6783,3323
2006,FI,11573,5328,4571
2006,FR,55065,29422,25116
2006,GB,33188,13183,11728
2006,GR,431,186,159
2006,HU,1635,478,279
2006,IE,2706,1022,897
2006,IL,8625,3263,2755
2006,IN,3386,1066,889
2006,IT,20652,9273,8680
2006,JP,190021,101714,95479
2006,KR,153292,97402,36863
2006,MA,212,184,42
2006,MX,1018,380,221
2006,MY,685,451,197
2006,NL,28076,11543,9834
2006,NO,3574,1896,1724
2006,NZ,1596,580,492
2006,PA,140,61,39
2006,PH,81,18,9
2006,PL,2559,1339,247
2006,RU,20828,19637,894
2006,SE,18871,8446,7704
2006,SG,2748,1353,1030
2006,SI,683,407,235
2006,TH,136,65,37
2006,UA,10187,4213,275
2006,US,388107,190020,143587
2006,ZA,1435,559,489
2007,AR,1132,397,144
2007,AU,10795,4763,3680
2007,BE,8662,3769,3601
2007,BG,328,212,38
2007,BR,8190,1321,585
2007,CA,21307,9596,7593
2007,CH,30109,13857,12939
2007,CN,247978,172388,7816
2007,DE,163239,72947,56623
2007,DK,7118,3116,2852
2007,EG,137,76,12
2007,ES,10688,6705,3460
2007,FI,11500,5105,4386
2007,FR,54602,29215,24998
2007,GB,34655,14423,12804
2007,GR,422,175,131
2007,HU,1626,451,297
2007,IE,2633,1041,937
2007,IL,8658,3303,2717
2007,IN,3423,1122,948
2007,IT,19906,8978,8409
2007,JP,181285,93854,88125
2007,KR,153762,93139,33817
2007,MA,154,130,17
2007,MX,1162,447,269
2007,MY,768,508,254
2007,NL,26918,11317,9737
2007,NO,3597,1819,1652
2007,NZ,1613,576,488
2007,PA,104,49,45
2007,PH,81,24,15
2007,PL,3120,1562,284
2007,RU,23250,22071,977
2007,SE,18797,8239,7559
2007,SG,2808,1344,1077
2007,SI,670,402,209
2007,TH,163,101,60
2007,UA,11006,2493,305
2007,US,388213,194338,145922
2007,ZA,1504,548,474
2008,AR,996,362,163
2008,AU,10757,4950,3974
2008,BE,8098,3564,3389
2008,BG,309,197,35
2008,BR,8765,1550,725
2008,CA,20067,9518,7804
2008,CH,29098,13856,12952
2008,CN,265649,198879,8687
2008,DE,158356,72005,56301
2008,DK,7620,3393,3201
2008,EG,122,61,14
2008,ES,10806,6898,3475
2008,FI,11742,5362,4632
2008,FR,55064,30354,26021
2008,GB,32715,14282,12578
2008,GR,557,255,165
2008,HU,1638,544,377
2008,IE,2671,1077,979
2008,IL,8560,3477,2840
2008,IN,3726,1353,1165
2008,IT,20051,10593,9197
2008,JP,175855,91479,85848
2008,KR,153528,90489,31641
2008,MA,189,163,25
2008,MX,1353,552,331
2008,MY,1035,638,300
2008,NL,23881,11044,9412
2008,NO,3560,1922,1759
2008,NZ,1596,607,502
2008,PA,64,31,30
2008,PH,54,16,8
2008,PL,3770,1707,395
2008,RU,24496,23216,1033
2008,SE,19797,9466,8714
2008,SG,2992,1549,1204
2008,SI,683,402,223
2008,TH,146,84,49
2008,UA,11092,2062,240
2008,US,363643,191356,142320
2008,ZA,1300,543,463
2009,AR,1017,348,148
2009,AU,9879,4609,3677
2009,BE,7387,3565,3400
2009,BG,286,171,30
2009,BR,8766,1534,720
2009,CA,19286,9750,7929
2009,CH,27735,14112,13172
2009,CN,67849,36668,8650
2009,DE,144521,69474,54890
2009,DK,7362,3620,3402
2009,EG,132,86,18
2009,ES,10813,6860,3719
2009,FI,10511,4800,4115
2009,FR,52422,30230,26099
2009,GB,29776,13339,11871
2009,GR,884,480,199
2009,HU,1640,529,350
2009,IE,2601,1130,988
2009,IL,7537,3326,2697
2009,IN,3581,1324,1127
2009,IT,20202,12607,10161
2009,JP,156513,83415,79795
2009,KR,145819,90807,30367
2009,MA,148,123,27
2009,MX,1477,537,314
2009,MY,1258,837,367
2009,NL,22711,11478,10136
2009,NO,3760,2071,1903
2009,NZ,1427,608,512
2009,PA,34,11,5
2009,PH,87,36,29
2009,PL,3924,1924,395
2009,RU,21973,20844,1049
2009,SE,16935,8536,7854
2009,SG,2933,1454,1167
2009,SI,825,494,283
2009,TH,169,81,52
2009,UA,10837,1802,170
2009,US,331149,182486,139732
2009,ZA,1313,610,493
2010,AR,995,310,119
2010,AU,10435,4992,3895
2010,BE,7842,3846,3689
2010,BG,322,221,28
2010,BR,8124,1337,614
2010,CA,21020,11066,9108
2010,CH,27760,14367,13350
2010,CN,34771,14951,11354
2010,DE,145468,70154,55947
2010,DK,6727,3479,3304
2010,EG,166,92,28
2010,ES,11739,7440,4099
2010,FI,10347,4641,3947
2010,FR,51782,30855,26394
2010,GB,30592,14601,13058
2010,GR,894,473,189
2010,HU,1682,585,386
2010,IE,2598,1242,1103
2010,IL,8099,3897,3195
2010,IN,4543,1748,1539
2010,IT,21127,13953,11414
2010,JP,158959,84144,80360
2010,KR,155598,98142,33176
2010,MA,158,135,25
2010,MX,1609,601,304
2010,MY,1287,775,406
2010,NL,21140,10903,9635
2010,NO,4115,2220,2033
2010,NZ,1495,665,545
2010,PA,46,27,22
2010,PH,94,43,31
2010,PL,4582,2324,590
2010,RU,24514,23143,1207
2010,SE,16664,8774,8171
2010,SG,3416,1499,1235
2010,SI,808,528,261
2010,TH,192,70,49
2010,UA,12340,1960,226
2010,US,338853,190898,147958
2010,ZA,1572,960,575
2011,AR,912,230,109
2011,AU,10964,5227,3712
2011,BE,8284,4077,3839
2011,BG,334,225,36
2011,BR,8353,1253,611
2011,CA,21537,10885,8888
2011,CH,28177,14178,13208
2011,CN,41034,16214,13249
2011,DE,147877,70110,56380
2011,DK,7461,3862,3610
2011,EG,111,57,22
2011,ES,11181,7037,3863
2011,FI,10139,4627,3993
2011,FR,51601,30109,25863
2011,GB,30187,14551,13063
2011,GR,836,423,176
2011,HU,1258,547,346
2011,IE,2544,1351,1176
2011,IL,8377,4074,3320
2011,IN,4917,1953,1615
2011,IT,16886,9596,8855
2011,JP,176537,91604,87844
2011,KR,154142,96126,33899
2011,MA,157,132,27
2011,MX,1817,695,330
2011,MY,1117,661,364
2011,NL,17692,9002,8341
2011,NO,4116,2208,2029
2011,NZ,1502,687,594
2011,PA,39,14,11
2011,PH,144,71,32
2011,PL,5566,2859,671
2011,RU,23931,22182,1513
2011,SE,16904,8955,8351
2011,SG,3507,1533,1197
2011,SI,797,545,273
2011,TH,214,90,62
2011,UA,12023,1895,214
2011,US,362504,202925,156972
2011,ZA,1743,1030,606
2012,AR,891,225,130
2012,AU,10510,5153,3596
2012,BE,8025,3802,3605
2012,BG,387,204,52
2012,BR,9202,2091,556
2012,CA,21458,10984,8742
2012,CH,29163,14243,13190
2012,CN,46108,18081,15061
2012,DE,144955,67046,53711
2012,DK,7817,3921,3607
2012,EG,104,42,22
2012,ES,10979,6916,3871
2012,FI,9892,4853,4186
2012,FR,53378,30635,26361
2012,GB,31492,14847,13213
2012,GR,835,442,204
2012,HU,1241,517,320
2012,IE,2382,1159,979
2012,IL,8405,4166,3315
2012,IN,5433,2087,1717
2012,IT,16520,8962,8506
2012,JP,182123,92924,89080
2012,KR,170504,108590,37521
2012,MA,186,149,39
2012,MX,1900,730,356
2012,MY,1083,569,337
2012,NL,18954,9382,8727
2012,NO,3720,1980,1817
2012,NZ,1513,683,597
2012,PA,76,30,26
2012,PH,233,131,49
2012,PL,6247,3186,814
2012,RU,25103,23364,1630
2012,SE,17333,9077,8375
2012,SG,3724,1696,1338
2012,SI,738,483,278
2012,TH,245,122,74
2012,UA,10865,1513,197
2012,US,391368,220855,170369
2012,ZA,1781,1054,640
2013,AR,867,176,102
2013,AU,10436,4954,3505
2013,BE,6899,3409,3241
2013,BG,568,295,58
2013,BR,9420,2450,568
2013,CA,20595,9798,7598
2013,CH,28872,13598,12551
2013,CN,53155,20878,17801
2013,DE,140764,63397,50241
2013,DK,7262,3595,3278
2013,EG,121,34,22
2013,ES,11066,7088,3927
2013,FI,9841,5015,4306
2013,FR,52823,29199,24889
2013,GB,31260,14166,12540
2013,GR,1018,511,226
2013,HU,1209,530,349
2013,IE,2529,1280,1078
2013,IL,9567,4675,3778
2013,IN,7966,2031,1646
2013,IT,16314,8490,8004
2013,JP,176351,87218,83662
2013,KR,168738,103813,37724
2013,MA,313,124,41
2013,MX,1916,662,319
2013,MY,1010,469,312
2013,NL,18534,9052,8334
2013,NO,3907,1980,1789
2013,NZ,1832,852,701
2013,PA,40,13,8
2013,PH,441,208,48
2013,PL,6258,3051,850
2013,RU,24623,22928,1245
2013,SE,18152,9081,8511
2013,SG,4283,1864,1366
2013,SI,800,511,267
2013,TH,284,139,87
2013,UA,9210,1319,132
2013,US,414991,224431,170956
2013,ZA,1650,901,541
2014,AR,763,92,59
2014,AU,9862,4101,2898
2014,BE,7696,3606,3394
2014,BG,463,235,74
2014,BR,7595,1310,468
2014,CA,20544,8738,6747
2014,CH,27656,11770,10824
2014,CN,62462,24281,20983
2014,DE,141565,59287,47219
2014,DK,7082,3305,3015
2014,EG,117,32,19
2014,ES,10949,6796,3533
2014,FI,8929,4227,3605
2014,FR,52719,26636,22719
2014,GB,33319,13739,12227
2014,GR,1109,528,228
2014,HU,1102,422,262
2014,IE,2660,1310,1043
2014,IL,9479,4186,3386
2014,IN,7110,2162,1716
2014,IT,18948,8277,7755
2014,JP,174265,81628,78338
2014,KR,185300,101782,37617
2014,MA,384,125,46
2014,MX,2037,501,286
2014,MY,861,292,192
2014,NL,20440,9830,8632
2014,NO,3728,1754,1582
2014,NZ,1712,624,520
2014,PA,51,19,13
2014,PH,803,472,40
2014,PL,6032,2812,807
2014,RU,20612,19049,1391
2014,SE,17877,8513,7923
2014,SG,4482,1818,1329
2014,SI,888,490,273
2014,TH,228,71,48
2014,UA,6236,1039,130
2014,US,426405,215460,163588
2014,ZA,1586,880,506
2015,AR,859,104,85
2015,AU,9782,3349,2206
2015,BE,7908,3183,2926
2015,BG,532,256,54
2015,BR,7094,572,361
2015,CA,19185,7416,5598
2015,CH,28389,10667,9636
2015,CN,69348,23776,20829
2015,DE,136929,51902,40730
2015,DK,7082,2673,2421
2015,EG,114,19,11
2015,ES,10264,6002,3109
2015,FI,8144,3532,2936
2015,FR,52716,23930,20224
2015,GB,32385,11844,10558
2015,GR,976,469,225
2015,HU,1102,380,250
2015,IE,2760,1116,915
2015,IL,9874,3983,3089
2015,IN,6814,1982,1464
2015,IT,18765,7551,6685
2015,JP,178350,76359,73695
2015,KR,189837,104044,37596
2015,MA,186,57,22
2015,MX,2190,409,236
2015,MY,845,287,222
2015,NL,19911,8864,7631
2015,NO,3756,1442,1257
2015,NZ,1890,546,451
2015,PA,40,11,8
2015,PH,938,543,44
2015,PL,6848,2761,709
2015,RU,24519,22899,1195
2015,SE,17649,7196,6662
2015,SG,4286,1482,1085
2015,SI,614,344,197
2015,TH,388,121,84
2015,UA,6053,514,106
2015,US,408357,196817,145602
2015,ZA,1615,819,460
2016,AR,816,70,46
2016,AU,10065,2671,1617
2016,BE,7782,2612,2166
2016,BG,596,385,40
2016,BR,7103,374,217
2016,CA,18705,6436,4664
2016,CH,26207,6737,5965
2016,CN,84740,21410,17510
2016,DE,135073,40235,29752
2016,DK,6401,1841,1615
2016,EG,124,34,17
2016,ES,10115,5355,2372
2016,FI,7303,2415,1884
2016,FR,48689,17310,14051
2016,GB,32022,8560,7377
2016,GR,941,390,146
2016,HU,1041,250,135
2016,IE,2675,851,732
2016,IL,9963,2996,2238
2016,IN,6433,1768,1213
2016,IT,18615,5681,5045
2016,JP,175599,59250,56156
2016,KR,185363,98911,32100
2016,MA,255,93,36
2016,MX,1885,223,134
2016,MY,615,211,139
2016,NL,20199,6953,5680
2016,NO,3572,1114,910
2016,NZ,1605,363,286
2016,PA,69,5,2
2016,PH,1087,750,26
2016,PL,6194,2120,485
2016,RU,20542,18924,1173
2016,SE,16450,4875,4413
2016,SG,4049,1302,934
2016,SI,623,356,200
2016,TH,459,130,89
2016,UA,1022,309,92
2016,US,399179,170012,121639
2016,ZA,1332,565,273
2017,AR,676,75,56
2017,AU,9443,2276,1253
2017,BE,7832,2044,1525
2017,BG,360,231,27
2017,BR,7494,252,123
2017,CA,17726,4947,3341
2017,CH,22642,3519,2859
2017,CN,91938,18490,13105
2017,DE,129047,26211,17124
2017,DK,6332,1109,918
2017,EG,80,17,11
2017,ES,8786,3853,1387
2017,FI,6777,1746,1194
2017,FR,45144,9907,7854
2017,GB,29753,5271,4199
2017,GR,891,304,89
2017,HU,850,163,71
2017,IE,2596,576,484
2017,IL,9421,2179,1616
2017,IN,5842,1132,698
2017,IT,17675,2943,2504
2017,JP,170981,40318,38062
2017,KR,179925,88738,23460
2017,MA,231,82,33
2017,MX,1894,123,87
2017,MY,543,182,97
2017,NL,18199,4356,3130
2017,NO,3895,667,512
2017,NZ,1318,289,237
2017,PA,50,2,0
2017,PH,1116,837,21
2017,PL,5606,1282,267
2017,RU,18434,16661,965
2017,SE,15163,3033,2652
2017,SG,3771,940,671
2017,SI,608,287,146
2017,TH,443,85,49
2017,UA,1048,214,41
2017,US,382561,130012,91492
2017,ZA,1241,511,218
2018,AR,431,26,16
2018,AU,6591,1322,740
2018,BE,4532,992,668
2018,BG,116,22,12
2018,BR,4161,161,108
2018,CA,13149,2216,1364
2018,CH,13977,1512,1139
2018,CN,74199,9860,6372
2018,DE,87539,14410,6671
2018,DK,3933,491,374
2018,EG,52,12,3
2018,ES,6666,2718,627
2018,FI,4229,780,453
2018,FR,27893,2302,1793
2018,GB,19431,2001,1521
2018,GR,562,171,67
2018,HU,595,136,46
2018,IE,1927,312,237
2018,IL,6724,1020,757
2018,IN,4814,538,343
2018,IT,11078,1314,1032
2018,JP,133538,18622,17460
2018,KR,125265,50976,9605
2018,MA,112,20,4
2018,MX,768,37,19
2018,MY,459,106,52
2018,NL,10823,2067,1266
2018,NO,2267,264,179
2018,NZ,876,139,108
2018,PA,222,1,1
2018,PH,1041,832,12
2018,PL,3646,297,93
2018,RU,15967,14617,520
2018,SE,9007,1090,935
2018,SG,2727,439,313
2018,SI,421,148,65
2018,TH,276,73,47
2018,UA,1064,114,17
2018,US,279781,57641,39560
2018,ZA,1443,975,202
2019,AR,102,10,5
2019,AU,3398,857,171
2019,BE,1622,102,79
2019,BG,38,5,3
2019,BR,776,24,10
2019,CA,5858,267,173
2019,CH,4686,239,135
2019,CN,26319,2415,1145
2019,DE,28941,5219,551
2019,DK,1493,47,34
2019,EG,22,1,0
2019,ES,3363,1501,63
2019,FI,1541,210,73
2019,FR,8128,255,174
2019,GB,7374,232,180
2019,GR,177,17,1
2019,HU,179,37,6
2019,IE,887,32,27
2019,IL,3289,197,137
2019,IN,1750,73,44
2019,IT,4314,179,108
2019,JP,61311,1958,1802
2019,KR,37720,13512,940
2019,MA,11,3,0
2019,MX,207,8,2
2019,MY,189,33,11
2019,NL,3749,143,88
2019,NO,780,20,11
2019,NZ,432,42,19
2019,PA,19,2,0
2019,PH,484,377,0
2019,PL,572,40,6
2019,RU,5288,4724,24
2019,SE,3099,118,83
2019,SG,1149,61,29
2019,SI,114,27,1
2019,TH,172,33,16
2019,UA,128,38,7
2019,US,128509,7844,5483
2019,ZA,396,147,41
2020,AU,41,14,2
2020,BE,4,0,0
2020,CA,7,0,0
2020,CH,7,0,0
2020,CN,39,27,7
2020,DE,14,7,0
2020,DK,1,0,0
2020,ES,3,2,1
2020,FR,6,0,0
2020,GB,2,0,0
2020,IE,6,0,0
2020,IL,2,0,0
2020,IN,3,0,0
2020,IT,2,0,0
2020,JP,42,1,1
2020,KR,203,8,0
2020,MA,1,0,0
2020,MX,1,0,0
2020,NL,8,0,0
2020,NO,2,0,0
2020,NZ,6,0,0
2020,PL,1,0,0
2020,RU,1,0,0
2020,SE,8,0,0
2020,SG,1,0,0
2020,US,202,5,0
