year,country,gdp_per_capita
1985,KR,5950.80042847995
1986,KR,6559.29071439433
1987,KR,7321.39277022591
1988,KR,8119.16798137142
1989,KR,8607.86582512298
1990,KR,9365.39498597615
1991,KR,10272.6206979978
1992,KR,10796.6046542439
1993,KR,11422.5146522022
1994,KR,12356.2782851767
1995,KR,13408.6814173347
1996,KR,14329.5393059263
1997,KR,15071.7563891218
1998,KR,14195.8130931157
1999,KR,15711.5640210645
2000,KR,16992.4790763689
2001,KR,17680.845491777
2002,KR,18936.9516520974
2003,KR,19431.9711103534
2004,KR,20361.0692543545
2005,KR,21193.3575135298
2006,KR,22192.1851207944
2007,KR,23360.9057353821
2008,KR,23882.7304951493
2009,KR,23948.4722438582
2010,KR,25451.0041554666
2011,KR,26186.8975422978
2012,KR,26675.4401708559
2013,KR,27394.6503074507
2014,KR,28094.9177029868
2015,KR,28732.2310762599
2016,KR,29461.7840071118
2017,KR,30307.395236491
2018,KR,31040.6554458576
2019,KR,31610.9190042071
2020,KR,31264.940647008
1985,MX,7538.47354475073
1986,MX,7154.2482105108
1987,MX,7130.36654955627
1988,MX,7079.85565755642
1989,MX,7229.12021069935
1990,MX,7460.69661192405
1991,MX,7632.44279095691
1992,MX,7760.90556403676
1993,MX,7773.16183125799
1994,MX,8018.72100901051
1995,MX,7390.71471635729
1996,MX,7765.6049833663
1997,MX,8168.91618207968
1998,MX,8461.49270188363
1999,MX,8567.07842500423
2000,MX,8861.86956567291
2001,MX,8702.9848728584
2002,MX,8580.88729814666
2003,MX,8587.08855266964
2004,MX,8801.32190186818
2005,MX,8877.85129102564
2006,MX,9142.80477389632
2007,MX,9214.35353384224
2008,MX,9181.39996717864
2009,MX,8568.61814933121
2010,MX,8878.56137655041
2011,MX,9076.30145285741
2012,MX,9280.25863791442
2013,MX,9282.99193347296
2014,MX,9426.32458789743
2015,MX,9616.64555810607
2016,MX,9751.56908337178
2017,MX,9842.40071150603
2018,MX,9945.77658502165
2019,MX,9832.45747500622
2020,MX,8927.34043645593
1985,EG,1838.5757076177
1986,EG,1874.67183611187
1987,EG,1894.50785202506
1988,EG,1945.30856387185
1989,EG,1989.27414994555
1990,EG,2051.61225829623
1991,EG,2028.09189865402
1992,EG,2073.94023698687
1993,EG,2090.84043017316
1994,EG,2130.67568024243
1995,EG,2185.30217501739
1996,EG,2248.59423987044
1997,EG,2324.91660962473
1998,EG,2406.04523400723
1999,EG,2501.98186736287
2000,EG,2610.47649772765
2001,EG,2651.8655155154
2002,EG,2664.64201106551
2003,EG,2699.10106547749
2004,EG,2758.56642776924
2005,EG,2830.35013837068
2006,EG,2970.94475447749
2007,EG,3126.27499811106
2008,EG,3290.94074048999
2009,EG,3381.11537652316
2010,EG,3485.2821981757
2011,EG,3472.5982931206
2012,EG,3472.14829808288
2013,EG,3468.46882827143
2014,EG,3489.86412370983
2015,EG,3562.93265798423
2016,EG,3638.89492746167
2017,EG,3712.60365352095
2018,EG,3831.19983495957
2019,EG,3964.98712904952
2020,EG,4028.4209198079
1985,JP,22920.2469775594
1986,JP,23556.9532881665
1987,JP,24552.7155206582
1988,JP,26109.7504779261
1989,JP,27268.9431694537
1990,JP,28508.3912679574
1991,JP,29367.0780347898
1992,JP,29506.4022447088
1993,JP,29258.5819908349
1994,JP,29466.7552451756
1995,JP,30171.1637924347
1996,JP,31046.1701544648
1997,JP,31276.1930771932
1998,JP,30795.0888900928
1999,JP,30636.266116943
2000,JP,31430.6311303282
2001,JP,31476.052066579
2002,JP,31416.1241772435
2003,JP,31830.2175849262
2004,JP,32515.1158024317
2005,JP,33098.5474664872
2006,JP,33531.5185630775
2007,JP,33990.0360341685
2008,JP,33557.6454041531
2009,JP,31651.0837739853
2010,JP,32942.2020783725
2011,JP,33011.13423011
2012,JP,33518.444936892
2013,JP,34239.8862473683
2014,JP,34386.905855287
2015,JP,34960.6393843385
2016,JP,35264.8133591817
2017,JP,35914.6412692599
2018,JP,36188.6200284301
2019,JP,36362.3573229906
2020,JP,34366.4783681385
1985,NO,46717.2206938984
1986,NO,48432.5867721219
1987,NO,49051.6798378169
1988,NO,48663.9479306137
1989,NO,48966.6649429335
1990,NO,49741.425757739
1991,NO,51032.0602863941
1992,NO,52551.951441768
1993,NO,53726.4755306975
1994,NO,56122.114300243
1995,NO,58151.5991798536
1996,NO,60766.6339730874
1997,NO,63631.9410885765
1998,NO,64914.2553096158
1999,NO,65768.9857253314
2000,NO,67437.743355228
2001,NO,68489.4679076266
2002,NO,69106.3089683386
2003,NO,69327.4265414388
2004,NO,71654.636532036
2005,NO,73036.740359019
2006,NO,74189.5667781725
2007,NO,75624.4148719328
2008,NO,75043.5294578274
2009,NO,72823.3024397882
2010,NO,72426.5652172527
2011,NO,72194.7810014983
2012,NO,73178.784945419
2013,NO,73046.9050292415
2014,NO,73650.3135435049
2015,NO,74355.5158575643
2016,NO,74493.1179371245
2017,NO,75610.6259838977
2018,NO,75953.5586067261
2019,NO,76085.2455169547
2020,NO,75059.3180787013
1985,CA,0.0
1986,CA,0.0
1987,CA,0.0
1988,CA,0.0
1989,CA,0.0
1990,CA,0.0
1991,CA,0.0
1992,CA,0.0
1993,CA,0.0
1994,CA,0.0
1995,CA,0.0
1996,CA,0.0
1997,CA,31222.724816522
1998,CA,31830.6171059926
1999,CA,32826.5308068591
2000,CA,34121.6091941822
2001,CA,34227.341749713
2002,CA,35015.7949689871
2003,CA,36024.0992359873
2004,CA,37086.4492996776
2005,CA,38573.1997654019
2006,CA,39776.1794731157
2007,CA,42097.4351198181
2008,CA,42063.6330521731
2009,CA,40368.2920365479
2010,CA,41155.3236376889
2011,CA,42036.9978438542
2012,CA,42315.8073891558
2013,CA,42846.2841957958
2014,CA,43635.0954811371
2015,CA,43596.1355365546
2016,CA,43536.9134032467
2017,CA,44325.4167761306
2018,CA,44765.5025108984
2019,CA,44958.0886869579
2020,CA,42108.1745281822
1985,SI,0.0
1986,SI,0.0
1987,SI,0.0
1988,SI,0.0
1989,SI,0.0
1990,SI,0.0
1991,SI,0.0
1992,SI,0.0
1993,SI,0.0
1994,SI,0.0
1995,SI,13270.735054311
1996,SI,13704.3649697703
1997,SI,14415.7767085924
1998,SI,14921.0326473116
1999,SI,15705.4989891915
2000,SI,16234.1268564379
2001,SI,16729.9371401015
2002,SI,17294.9770603481
2003,SI,17796.2196147081
2004,SI,18560.0965761861
2005,SI,19231.6641461474
2006,SI,20271.997678237
2007,SI,21566.0786773609
2008,SI,22287.7399564993
2009,SI,20419.9561182289
2010,SI,20604.301637932
2011,SI,20738.6464737141
2012,SI,20148.9005428087
2013,SI,19914.4638788094
2014,SI,20445.6093276558
2015,SI,20881.7669299329
2016,SI,21532.5151639167
2017,SI,22554.686522664
2018,SI,23466.9305272061
2019,SI,24061.6038792705
2020,SI,22915.1457154893
1985,DK,36783.9410443123
1986,DK,38536.322876642
1987,DK,38585.402852645
1988,DK,38561.4119234317
1989,DK,38786.930952318
1990,DK,39295.2434424919
1991,DK,39739.6098511225
1992,DK,40383.5587756081
1993,DK,40253.5398981286
1994,DK,42257.0983305221
1995,DK,43310.2500901054
1996,DK,44314.7904987137
1997,DK,45570.0798221242
1998,DK,46412.038971456
1999,DK,47622.4390779319
2000,DK,49241.9280041345
2001,DK,49469.6888088275
2002,DK,49541.8555503286
2003,DK,49599.9969640753
2004,DK,50792.00095345
2005,DK,51835.8327062445
2006,DK,53687.4415474978
2007,DK,53935.8702479631
2008,DK,53345.3576182976
2009,DK,50457.2324892863
2010,DK,51173.4661587111
2011,DK,51644.4635097775
2012,DK,51567.0401502519
2013,DK,51831.7979309232
2014,DK,52404.7639713382
2015,DK,53254.8563700916
2016,DK,54556.0689545694
2017,DK,55735.7649011485
2018,DK,56563.4884729669
2019,DK,57553.1312399488
2020,DK,56202.1658527477
1985,TH,1695.40124016209
1986,TH,1757.03062014774
1987,TH,1889.83193179655
1988,TH,2104.07148393345
1989,TH,2323.29479535126
1990,TH,2546.84684797981
1991,TH,2732.23944322509
1992,TH,2923.54332196648
1993,TH,3136.21587333277
1994,TH,3356.09802262277
1995,TH,3592.50079705725
1996,TH,3753.70213675854
1997,TH,3607.36259451798
1998,TH,3292.01894721037
1999,TH,3403.11495528226
2000,TH,3517.79891401225
2001,TH,3605.36823470443
2002,TH,3795.41072877418
2003,TH,4037.9711348991
2004,TH,4262.51880741681
2005,TH,4412.44429474605
2006,TH,4603.75244734741
2007,TH,4826.87147665486
2008,TH,4884.41778467764
2009,TH,4826.32142717259
2010,TH,5163.59766399834
2011,TH,5182.04236923127
2012,TH,5531.34901941224
2013,TH,5654.28542044534
2014,TH,5685.4021214653
2015,TH,5840.05306687798
2016,TH,6018.177484354
2017,TH,6247.9920783153
2018,TH,6489.25718582616
2019,TH,6617.54282167643
2020,TH,6199.19078245355
1985,FI,26846.7947596539
1986,FI,27497.139519752
1987,FI,28399.4516774266
1988,FI,29794.358819925
1989,FI,31197.2093208591
1990,FI,31267.3749497766
1991,FI,29266.5914357588
1992,FI,28143.7689820062
1993,FI,27822.5112185391
1994,FI,28800.7187932738
1995,FI,29900.8706211488
1996,FI,30895.8727257902
1997,FI,32755.2026464448
1998,FI,34451.1332280259
1999,FI,35876.5746131448
2000,FI,37869.1587968322
2001,FI,38769.1780036498
2002,FI,39335.5680217856
2003,FI,40028.2038752891
2004,FI,41505.4798830145
2005,FI,42513.5190015291
2006,FI,44056.3096712657
2007,FI,46194.059834448
2008,FI,46339.9805763347
2009,FI,42395.0448289162
2010,FI,43546.0561931006
2011,FI,44448.9385173329
2012,FI,43619.7030432553
2013,FI,43027.6896240408
2014,FI,42693.7481177945
2015,FI,42784.6983616432
2016,FI,43861.3239094556
2017,FI,45155.4660319403
2018,FI,45610.579263751
2019,FI,46172.567498465
2020,FI,44773.2011087213
1985,HU,0.0
1986,HU,0.0
1987,HU,0.0
1988,HU,0.0
1989,HU,0.0
1990,HU,0.0
1991,HU,7589.62401718339
1992,HU,7359.94411680525
1993,HU,7325.89221512275
1994,HU,7552.12809688164
1995,HU,7675.29708291145
1996,HU,7694.82861881223
1997,HU,7952.69229522674
1998,HU,8282.09548981008
1999,HU,8560.65577207662
2000,HU,8967.36775736045
2001,HU,9354.13848264141
2002,HU,9825.58339120006
2003,HU,10256.2469718517
2004,HU,10774.7238189035
2005,HU,11254.3226891148
2006,HU,11726.2313958403
2007,HU,11772.8539280771
2008,HU,11918.2951371101
2009,HU,11137.0614361778
2010,HU,11287.5216745821
2011,HU,11538.8233159954
2012,HU,11438.4357395496
2013,HU,11683.4048091862
2014,HU,12210.3380384335
2015,HU,12706.8912148924
2016,HU,13017.1765827828
2017,HU,13615.2491397176
2018,HU,14368.6390169359
2019,HU,15042.3362152734
2020,HU,14328.0734201885
1985,IS,0.0
1986,IS,0.0
1987,IS,0.0
1988,IS,0.0
1989,IS,0.0
1990,IS,0.0
1991,IS,0.0
1992,IS,0.0
1993,IS,0.0
1994,IS,0.0
1995,IS,34188.3821033381
1996,IS,35557.3100064002
1997,IS,37302.6717160195
1998,IS,39622.6069816837
1999,IS,40725.886035875
2000,IS,42174.6650584696
2001,IS,43288.0763046335
2002,IS,43143.4605797013
2003,IS,43763.7756121132
2004,IS,46766.0168708212
2005,IS,48850.7658634924
2006,IS,50731.6906881713
2007,IS,53646.3690202759
2008,IS,53821.4708222101
2009,IS,49527.3988280929
2010,IS,48193.7014041013
2011,IS,48933.5456614347
2012,IS,49191.574417162
2013,IS,50946.8162625339
2014,IS,51233.2440468041
2015,IS,52951.6815110898
2016,IS,55513.6423015865
2017,IS,56501.4576788793
2018,IS,57699.458929971
2019,IS,57818.8594639095
2020,IS,53193.5556582327
1985,IN,444.232664391237
1986,IN,455.228161692716
1987,IN,463.055750027797
1988,IN,496.856131062567
1989,IN,515.410609027119
1990,IN,532.754550012584
1991,IN,527.514516424971
1992,IN,545.399464560655
1993,IN,560.161940734035
1994,IN,585.964621108449
1995,IN,618.367769403957
1996,IN,652.566081499907
1997,IN,666.42015396886
1998,IN,694.735303105746
1999,IN,742.658951807987
2000,IN,757.668747182393
2001,IN,780.606234028164
2002,IN,796.724785581848
2003,IN,845.274844474013
2004,IN,897.628232696081
2005,IN,953.567972961049
2006,IN,1014.62764066211
2007,IN,1075.99408734051
2008,IN,1093.07655122533
2009,IN,1162.49880786282
2010,IN,1244.36601557133
2011,IN,1292.82120564033
2012,IN,1346.67591021698
2013,IN,1415.8287215662
2014,IN,1503.42150701876
2015,IN,1605.60544457045
2016,IN,1719.31807624158
2017,IN,1816.73087569339
2018,IN,1915.4352712462
2019,IN,1972.75782082313
2020,IN,1797.75977686427
1985,US,34986.3568660581
1986,US,35864.8243931488
1987,US,36775.2972648366
1988,US,37965.1311539107
1989,US,38989.4936735017
1990,US,39278.5953497875
1991,US,38715.2616876366
1992,US,39526.9708047124
1993,US,40082.6048153463
1994,US,41189.2383572889
1995,US,41794.19221265
1996,US,42869.2471695732
1997,US,44212.1670413743
1998,US,45658.1365976205
1999,US,47282.2846760321
2000,US,48689.0312898553
2001,US,48690.8079408159
2002,US,49081.3587876497
2003,US,50053.624104102
2004,US,51476.4887860738
2005,US,52796.089816261
2006,US,53782.2972881633
2007,US,54272.7195525927
2008,US,53688.3651351372
2009,US,51869.7063083713
2010,US,52759.9980807375
2011,US,53190.2311213989
2012,US,53989.2483396923
2013,US,54604.1300544798
2014,US,55574.3568248497
2015,US,56863.3714957652
2016,US,57418.9338464454
2017,US,58387.7758083572
2018,US,59821.5922735518
2019,US,60836.7714535018
2020,US,58510.2366222363
1985,CZ,0.0
1986,CZ,0.0
1987,CZ,0.0
1988,CZ,0.0
1989,CZ,0.0
1990,CZ,11626.6258716528
1991,CZ,10300.8991599512
1992,CZ,8444.01396032716
1993,CZ,8492.169818742304
1994,CZ,8834.48786082925
1995,CZ,9377.72701945774
1996,CZ,9864.762175854745
1997,CZ,10070.431029459316
1998,CZ,10222.011965233956
1999,CZ,10299.391048244099
2000,CZ,10610.116480345445
2001,CZ,10974.671834606916
2002,CZ,11296.629835645846
2003,CZ,11798.9922375225
2004,CZ,12389.600816667
2005,CZ,13197.75792105945
2006,CZ,14167.476663471101
2007,CZ,15231.52969283355
2008,CZ,15761.718356848149
2009,CZ,14914.5863338667
2010,CZ,15481.77101243945
2011,CZ,15805.947607668051
2012,CZ,15856.49904338015
2013,CZ,15892.112283202801
2014,CZ,16263.94141542085
2015,CZ,17070.34336568365
2016,CZ,17442.2029857282
2017,CZ,18123.72172971515
2018,CZ,18696.8121969053
2019,CZ,19165.2437293861
2020,CZ,18117.651576953
1985,CL,4331.15743340735
1986,CL,4494.91313714293
1987,CL,4710.70989188828
1988,CL,4976.11169941774
1989,CL,5381.50966694524
1990,CL,5470.47973590214
1991,CL,5800.99877021234
1992,CL,6343.227129334
1993,CL,6652.02168613904
1994,CL,6877.43443493504
1995,CL,7380.06128434545
1996,CL,7770.53911051439
1997,CL,8235.45760487712
1998,CL,8481.75213124461
1999,CL,8343.70429321156
2000,CL,8685.32179401306
2001,CL,8871.72409006235
2002,CL,9049.21047924293
2003,CL,9321.21853637315
2004,CL,9890.07504113288
2005,CL,10349.643006733
2006,CL,10887.863775643
2007,CL,11300.5487360819
2008,CL,11574.7286094718
2009,CL,11273.6175021664
2010,CL,11809.1416273211
2011,CL,12406.4135712743
2012,CL,12941.0299991428
2013,CL,13333.3468340614
2014,CL,13425.6832753987
2015,CL,13574.1692377497
2016,CL,13624.6785491662
2017,CL,13590.9913463306
2018,CL,13901.0183087866
2019,CL,13866.9558433589
2020,CL,12954.4053541785
1985,PL,0.0
1986,PL,0.0
1987,PL,0.0
1988,PL,0.0
1989,PL,0.0
1990,PL,5120.15339205335
1991,PL,4744.0888265591
1992,PL,4848.50934567916
1993,PL,5016.97966466567
1994,PL,5271.38345464552
1995,PL,5638.14538907653
1996,PL,5978.38970311714
1997,PL,6359.77545502422
1998,PL,6652.530456044
1999,PL,6962.77229498928
2000,PL,7356.7757404373
2001,PL,7451.41410164602
2002,PL,7606.64020126586
2003,PL,7878.06616575413
2004,PL,8275.45696940672
2005,PL,8569.42996870044
2006,PL,9100.59933056134
2007,PL,9748.53464613352
2008,PL,10156.5842389363
2009,PL,10437.1624976081
2010,PL,10858.5351374823
2011,PL,11369.0301936129
2012,PL,11519.6849726331
2013,PL,11656.4035651233
2014,PL,12059.2467745978
2015,PL,12578.4954734362
2016,PL,12979.2559450962
2017,PL,13604.5409995265
2018,PL,14332.9166415319
2019,PL,14987.4233971431
2020,PL,14588.1448670462
1985,LV,0.0
1986,LV,0.0
1987,LV,0.0
1988,LV,0.0
1989,LV,0.0
1990,LV,0.0
1991,LV,0.0
1992,LV,0.0
1993,LV,0.0
1994,LV,0.0
1995,LV,4918.82927054462
1996,LV,5102.36425675528
1997,LV,5610.2604413321
1998,LV,6022.51600674069
1999,LV,6238.16600499063
2000,LV,6655.84301363048
2001,LV,7168.66652394202
2002,LV,7766.11556904224
2003,LV,8502.92318454569
2004,LV,9327.01293889977
2005,LV,10439.5425535577
2006,LV,11798.5944734841
2007,LV,13088.037917186
2008,LV,12786.231554088
2009,LV,11145.4544170373
2010,LV,10878.3659819013
2011,LV,11794.8852289477
2012,LV,12449.8400626592
2013,LV,12874.6090288179
2014,LV,13135.96158803
2015,LV,13774.6052739114
2016,LV,14230.92810282
2017,LV,14824.3308796746
2018,LV,15541.5275665551
2019,LV,15967.1971299847
2020,LV,15487.9257810606
1985,KY,0.0
1986,KY,0.0
1987,KY,0.0
1988,KY,0.0
1989,KY,0.0
1990,KY,0.0
1991,KY,0.0
1992,KY,0.0
1993,KY,0.0
1994,KY,0.0
1995,KY,0.0
1996,KY,0.0
1997,KY,0.0
1998,KY,0.0
1999,KY,0.0
2000,KY,0.0
2001,KY,0.0
2002,KY,0.0
2003,KY,0.0
2004,KY,0.0
2005,KY,0.0
2006,KY,91341.2932661524
2007,KY,91434.5357287895
2008,KY,88476.1408845878
2009,KY,79899.964314402
2010,KY,75877.1683447801
2011,KY,75165.9874436168
2012,KY,74688.8868482508
2013,KY,74420.1199479745
2014,KY,75246.8259393011
2015,KY,76284.1939286359
2016,KY,77694.6128033728
2017,KY,79133.7992858959
2018,KY,81437.8900656244
2019,KY,83536.2933517156
2020,KY,0.0
1985,PH,1574.25285432315
1986,PH,1584.84034655472
1987,PH,1609.62369410467
1988,PH,1673.56519033158
1989,PH,1731.88249831851
1990,PH,1739.66476391556
1991,PH,1687.09281833617
1992,PH,1652.03514513871
1993,PH,1647.12933126777
1994,PH,1679.37931936034
1995,PH,1717.56457383698
1996,PH,1776.78382687933
1997,PH,1827.22565874842
1998,PH,1776.76083183091
1999,PH,1791.83165294712
2000,PH,1830.91324701258
2001,PH,1846.93142832453
2002,PH,1875.72444408186
2003,PH,1931.10880058338
2004,PH,2017.67416197839
2005,PH,2077.76798288191
2006,PH,2149.32993783909
2007,PH,2250.60938519144
2008,PH,2309.72621243372
2009,PH,2304.83654532061
2010,PH,2433.00852384649
2011,PH,2484.48920396419
2012,PH,2610.96776842689
2013,PH,2740.45648888371
2014,PH,2866.82205608058
2015,PH,3001.04318170863
2016,PH,3167.50241554908
2017,PH,3338.44153304114
2018,PH,3500.9337892033
2019,PH,3664.79066969794
2020,PH,3269.67076720019
1985,DE,25620.0275749772
1986,DE,26194.0532592736
1987,DE,26520.5620508438
1988,DE,27396.5000736635
1989,DE,28244.7450296355
1990,DE,29473.8543851112
1991,DE,30754.5582169486
1992,DE,31108.5574312249
1993,DE,30602.8305020103
1994,DE,31226.31855754
1995,DE,31615.4427892948
1996,DE,31778.0844146943
1997,DE,32300.3045672249
1998,DE,32945.8214126627
1999,DE,33545.9058387781
2000,DE,34476.2080283107
2001,DE,34996.9912366514
2002,DE,34869.032323
2003,DE,34605.7442217138
2004,DE,35019.9941350602
2005,DE,35296.2728627684
2006,DE,36684.6906984533
2007,DE,37827.1421680793
2008,DE,38262.9220964705
2009,DE,36175.8414834475
2010,DE,37745.7307521229
2011,DE,39961.2676537271
2012,DE,40053.2429040592
2013,DE,40118.878378697
2014,DE,40834.7363298605
2015,DE,41086.7296737253
2016,DE,41665.2727670117
2017,DE,42622.4099326851
2018,DE,42956.0112931521
2019,DE,43311.6289811807
2020,DE,41259.1822503459
1985,SG,17136.9990546448
1986,SG,17383.5445715606
1987,SG,18973.0997779617
1988,SG,20581.194391627
1989,SG,22016.0422572019
1990,SG,23255.9839721931
1991,SG,24115.4052112544
1992,SG,24955.4908412125
1993,SG,27121.2158592928
1994,SG,29200.6148358471
1995,SG,30366.6861813267
1996,SG,31335.6793387364
1997,SG,32822.0909716755
1998,SG,31029.2814813453
1999,SG,32544.2810740739
2000,SG,34876.6660315838
2001,SG,33585.5778097046
2002,SG,34583.2569120956
2003,SG,36688.8980899543
2004,SG,39790.3251457615
2005,SG,41726.1140698446
2006,SG,44082.2921486744
2007,SG,46098.4287267071
2008,SG,44526.0217387459
2009,SG,43255.4559026521
2010,SG,48668.5766232103
2011,SG,50685.2962043229
2012,SG,51663.4924026178
2013,SG,53292.6132665485
2014,SG,54676.7044182558
2015,SG,55646.6187469505
2016,SG,56757.9182667246
2017,SG,59271.0568151876
2018,SG,61056.5840322677
2019,SG,61173.9047689256
2020,SG,58056.8064188623
1985,CH,63032.2992251764
1986,CH,63870.594724382
1987,CH,64476.9842905599
1988,CH,66102.6729662584
1989,CH,68410.0812770381
1990,CH,70199.3238998774
1991,CH,68692.502542959
1992,CH,67909.6010516422
1993,CH,67209.1660075312
1994,CH,67522.1499930045
1995,CH,67394.9716054143
1996,CH,67429.3907450098
1997,CH,68793.5595843226
1998,CH,70691.9467156372
1999,CH,71583.6867042218
2000,CH,74013.0564120652
2001,CH,74705.1554397886
2002,CH,74138.083483024
2003,CH,73555.5996365413
2004,CH,75112.8673911204
2005,CH,76784.6373295658
2006,CH,79367.9002308094
2007,CH,81804.8618433813
2008,CH,82997.6921567092
2009,CH,80262.4856424871
2010,CH,82026.7245120154
2011,CH,82677.599030338
2012,CH,82800.0740759839
2013,CH,83344.523368231
2014,CH,84348.3928201784
2015,CH,84776.1421659748
2016,CH,85570.3960583982
2017,CH,86119.1453732551
2018,CH,87980.6706854377
2019,CH,88413.1917082485
2020,CH,85681.9667910379
1985,LT,0.0
1986,LT,0.0
1987,LT,0.0
1988,LT,0.0
1989,LT,0.0
1990,LT,0.0
1991,LT,0.0
1992,LT,0.0
1993,LT,0.0
1994,LT,0.0
1995,LT,4934.03554459281
1996,LT,5228.15721294636
1997,LT,5704.60063712965
1998,LT,6175.63972652743
1999,LT,6148.6097413787
2000,LT,6420.83795266113
2001,LT,6896.46279508957
2002,LT,7421.40962984101
2003,LT,8272.47591951593
2004,LT,8915.49557262913
2005,LT,9762.56074605608
2006,LT,10655.114288061
2007,LT,11980.1044062651
2008,LT,12420.4021063413
2009,LT,10695.4872958495
2010,LT,11102.4843413758
2011,LT,12041.8776503035
2012,LT,12673.5948479352
2013,LT,13257.0019538316
2014,LT,13844.4313307599
2015,LT,14258.2293345128
2016,LT,14804.2968850939
2017,LT,15655.6988914445
2018,LT,16428.0490108584
2019,LT,17186.2718804412
2020,LT,17032.9917894119
1985,CY,15650.9955265253
1986,CY,16045.6207277803
1987,CY,16993.4794109148
1988,CY,18268.1238749989
1989,CY,19440.8480288613
1990,CY,20440.1016822124
1991,CY,20065.078347886
1992,CY,21374.8935729026
1993,CY,21010.9587379038
1994,CY,21795.1299530225
1995,CY,23193.4050231714
1996,CY,23111.6748031885
1997,CY,23388.1423316642
1998,CY,24514.9231345503
1999,CY,25453.7467449106
2000,CY,26686.7672681302
2001,CY,27444.1704575173
2002,CY,28141.5453784055
2003,CY,28530.9168801287
2004,CY,29566.8206405186
2005,CY,30558.4223752765
2006,CY,31469.4602423868
2007,CY,32377.0733093763
2008,CY,32725.6336182866
2009,CY,31216.7678605042
2010,CY,31023.6383309791
2011,CY,30363.5084896573
2012,CY,28873.621277345
2013,CY,27044.3046420299
2014,CY,26843.415457025
2015,CY,27865.5932241651
2016,CY,29523.8651524712
2017,CY,30758.3123095539
2018,CY,31977.8096482792
2019,CY,32517.2372758989
2020,CY,30438.4675161368
1985,RU,0.0
1986,RU,0.0
1987,RU,0.0
1988,RU,0.0
1989,RU,9883.40423870425
1990,RU,9570.80831203189
1991,RU,9061.75978309559
1992,RU,7737.48141363632
1993,RU,7070.53517043334
1994,RU,6183.90488477773
1995,RU,5928.95643611263
1996,RU,5714.62597474562
1997,RU,5804.21478227836
1998,RU,5505.69725752101
1999,RU,5876.20292433974
2000,RU,6491.07222719881
2001,RU,6851.11363704442
2002,RU,7206.18951073778
2003,RU,7767.40504219957
2004,RU,8360.2516495949
2005,RU,8929.30105401819
2006,RU,9693.19784425353
2007,RU,10535.1258045942
2008,RU,11087.821053001
2009,RU,10219.8942411996
2010,RU,10674.9957825675
2011,RU,11125.3445917138
2012,RU,11553.5764196495
2013,RU,11731.3817803499
2014,RU,11608.7586367575
2015,RU,11355.236304971
2016,RU,11356.4000420395
2017,RU,11550.5251991967
2018,RU,11875.7332037328
2019,RU,12122.6072885872
2020,RU,11786.6213075834
1985,UA,0.0
1986,UA,0.0
1987,UA,4020.58287212813
1988,UA,4105.52040726568
1989,UA,4243.77426137558
1990,UA,3965.42824332706
1991,UA,3624.29024142176
1992,UA,3263.36320083071
1993,UA,2797.56870973539
1994,UA,2166.6778596118
1995,UA,1917.43256357189
1996,UA,1741.06773439327
1997,UA,1704.29720760879
1998,UA,1686.92277398542
1999,UA,1699.49509292484
2000,UA,1817.97284639381
2001,UA,2006.2674002394
2002,UA,2131.73114966569
2003,UA,2353.60436841403
2004,UA,2658.68863640245
2005,UA,2758.51807511819
2006,UA,2983.85415462473
2007,UA,3229.65317989658
2008,UA,3322.00512728069
2009,UA,2844.32123372086
2010,UA,2965.13971520617
2011,UA,3138.46513682261
2012,UA,3153.7354536996
2013,UA,3160.08051762368
2014,UA,3123.90008935853
2015,UA,2828.88506924235
2016,UA,2903.79540928151
2017,UA,2988.50421463927
2018,UA,3106.03894594323
2019,UA,3224.55994946203
2020,UA,3115.86076570536
1985,IT,23617.2494450571
1986,IT,24291.3723927749
1987,IT,25064.1854750574
1988,IT,26102.8558792903
1989,IT,26967.0853984282
1990,IT,27479.5786296377
1991,IT,27883.027101121
1992,IT,28096.557441614
1993,IT,27839.9230021361
1994,IT,28432.9733503096
1995,IT,29253.3221657916
1996,IT,29615.5743534796
1997,IT,30141.650970858
1998,IT,30678.5715462298
1999,IT,31172.0777032233
2000,IT,32337.8967425551
2001,IT,32950.4166041736
2002,IT,32984.9353003241
2003,IT,32884.1634237828
2004,IT,33137.1471014475
2005,IT,33244.3975472597
2006,IT,33738.1291640798
2007,IT,34067.3870338399
2008,IT,33516.8782860565
2009,IT,31602.5589731067
2010,IT,32045.2840705414
2011,IT,32216.4979983096
2012,IT,31172.0197646615
2013,IT,30245.4614646409
2014,IT,29967.864421323
2015,IT,30230.2263021296
2016,IT,30673.3078403425
2017,IT,31231.6644464646
2018,IT,31585.7606788
2019,IT,32043.907373456
2020,IT,29287.0820007131
1985,AU,33020.3047129534
1986,AU,33795.0479129058
1987,AU,34134.0741067864
1988,AU,35508.7485440439
1989,AU,36260.8405975777
1990,AU,37003.9909885526
1991,AU,36389.9953779829
1992,AU,36099.2955871231
1993,AU,37188.4496375203
1994,AU,38262.8300362451
1995,AU,39254.1896595562
1996,AU,40244.468687506
1997,AU,41375.3056813672
1998,AU,42820.3023709023
1999,AU,44481.7127419264
2000,AU,45683.31004291
2001,AU,45941.7353828189
2002,AU,47200.4085056222
2003,AU,48013.6244640151
2004,AU,49384.917067974
2005,AU,50299.1007737618
2006,AU,50947.5638533321
2007,AU,52576.6426291301
2008,AU,53418.5536172064
2009,AU,53342.4479012173
2010,AU,53604.9210993336
2011,AU,54167.1586465105
2012,AU,55315.3310163741
2013,AU,55776.8623014324
2014,AU,56343.061163788
2015,AU,56755.7217124249
2016,AU,57424.251335741
2017,AU,57764.0688425977
2018,AU,58561.1900146445
2019,AU,58923.2082117629
2020,AU,58020.4538711012
1985,NZ,26124.5100546998
1986,NZ,26838.1259186146
1987,NZ,26866.0742549272
1988,NZ,26697.5431010566
1989,NZ,26612.5264975241
1990,NZ,26408.2991483237
1991,NZ,24884.9719327391
1992,NZ,24896.6012083588
1993,NZ,26187.5415035529
1994,NZ,27164.4571810442
1995,NZ,28033.9349627218
1996,NZ,28591.7823709632
1997,NZ,28797.4255480884
1998,NZ,28770.6462233208
1999,NZ,30179.896638693
2000,NZ,30874.6870099035
2001,NZ,31756.7569640904
2002,NZ,32668.7245092752
2003,NZ,33487.6242066509
2004,NZ,34322.6333549313
2005,NZ,35064.4964600865
2006,NZ,35637.6072410757
2007,NZ,36375.7828142991
2008,NZ,35666.1901988388
2009,NZ,35263.6713153438
2010,NZ,35406.6767459554
2011,NZ,35930.7008375855
2012,NZ,36534.9366581239
2013,NZ,37232.6613240558
2014,NZ,38015.9295775475
2015,NZ,38630.7265886928
2016,NZ,39181.692830712
2017,NZ,39758.2643153684
2018,NZ,40304.3614288941
2019,NZ,40315.47098301
2020,NZ,39870.1968220328
1985,BE,25559.2083714271
1986,BE,26015.815873257
1987,BE,26593.2312131775
1988,BE,27760.885482225
1989,BE,28619.8070364114
1990,BE,29429.8242694953
1991,BE,29858.1376109046
1992,BE,30192.4191260746
1993,BE,29785.4254038973
1994,BE,30651.9783756231
1995,BE,31317.2949761928
1996,BE,31669.1977172208
1997,BE,32791.1705906412
1998,BE,33363.1548148589
1999,BE,34466.0427967902
2000,BE,35660.4471631183
2001,BE,35928.7859335054
2002,BE,36378.6088026414
2003,BE,36602.6572986276
2004,BE,37746.0982948807
2005,BE,38410.6015938582
2006,BE,39132.0230600027
2007,BE,40274.0278956294
2008,BE,40135.7056521353
2009,BE,39009.5295629957
2010,BE,39761.931402119
2011,BE,39913.0404870657
2012,BE,39959.500295341
2013,BE,39954.24626596
2014,BE,40405.1681811584
2015,BE,40991.8081381432
2016,BE,41301.4065243889
2017,BE,41809.7548061116
2018,BE,42364.0057929583
2019,BE,42887.6551319513
2020,BE,39959.5347696143
1985,QA,0.0
1986,QA,0.0
1987,QA,0.0
1988,QA,0.0
1989,QA,0.0
1990,QA,0.0
1991,QA,0.0
1992,QA,0.0
1993,QA,0.0
1994,QA,0.0
1995,QA,0.0
1996,QA,0.0
1997,QA,0.0
1998,QA,0.0
1999,QA,0.0
2000,QA,56864.9885733051
2001,QA,56915.7933221094
2002,QA,58542.0954300753
2003,QA,57075.6192126953
2004,QA,61582.9723127045
2005,QA,57624.1272463907
2006,QA,61522.3993112322
2007,QA,60926.7383022767
2008,QA,60799.132257117
2009,QA,59090.9063689196
2010,QA,63001.7100517625
2011,QA,65129.3774117246
2012,QA,63233.7086960513
2013,QA,62733.4306346126
2014,QA,62784.9009339545
2015,QA,63039.1126261242
2016,QA,62800.3680590164
2017,QA,60262.7460959426
2018,QA,59757.7960864565
2019,QA,59149.339093965
2020,QA,56010.96420907
1985,MY,3437.12775865098
1986,MY,3383.29213294887
1987,MY,3455.92823187429
1988,MY,3687.66605100584
1989,MY,3905.54720899231
1990,MY,4139.11078830391
1991,MY,4414.21367942618
1992,MY,4684.32564971162
1993,MY,5020.43077327138
1994,MY,5347.71679611765
1995,MY,5727.11505793215
1996,MY,6141.11050127917
1997,MY,6424.17307870845
1998,MY,5802.87830621138
1999,MY,6010.46538780052
2000,MY,6392.58085479131
2001,MY,6286.13486114986
2002,MY,6488.38466433227
2003,MY,6727.67104244459
2004,MY,7043.77616581093
2005,MY,7274.97109653712
2006,MY,7531.364872413
2007,MY,7850.42653495737
2008,MY,8073.93441630848
2009,MY,7808.65800789251
2010,MY,8247.78226163172
2011,MY,8550.15463797273
2012,MY,8888.70252220725
2013,MY,9179.36682064604
2014,MY,9601.17800253913
2015,MY,9955.24272167626
2016,MY,10258.0415121973
2017,MY,10707.7483031664
2018,MY,11067.8510994436
2019,MY,11391.6917171556
2020,MY,10616.8476940793
1985,BM,77902.654187167
1986,BM,82395.2731833022
1987,BM,84794.996880186
1988,BM,87481.3787983877
1989,BM,87131.949413146
1990,BM,86436.2343083741
1991,BM,83812.1328015956
1992,BM,84371.0356555145
1993,BM,86444.678219915
1994,BM,86361.9528113298
1995,BM,89518.2776350258
1996,BM,91261.1514849131
1997,BM,94878.4922499734
1998,BM,97857.323281354
1999,BM,100602.927482617
2000,BM,109001.586029756
2001,BM,115619.474683728
2002,BM,113172.120633639
2003,BM,116268.816861242
2004,BM,118193.148720988
2005,BM,119396.449407765
2006,BM,125294.959387025
2007,BM,128757.880688002
2008,BM,125610.033442692
2009,BM,117886.737990193
2010,BM,115839.79601113
2011,BM,112471.34754245
2012,BM,106119.795030798
2013,BM,105492.480708055
2014,BM,101374.469787793
2015,BM,102005.62564189
2016,BM,102407.394383438
2017,BM,107237.031768386
2018,BM,106696.068221485
2019,BM,107196.815145526
2020,BM,0.0
1985,AT,27384.8573386419
1986,AT,27997.292933048
1987,AT,28359.3106076164
1988,AT,29252.5570033038
1989,AT,30253.0242274651
1990,AT,31328.0798580378
1991,AT,32084.3354620707
1992,AT,32397.5081707865
1993,AT,32300.7192022709
1994,AT,32949.5637571737
1995,AT,33776.8985360708
1996,AT,34523.8526694778
1997,AT,35206.7261578132
1998,AT,36427.6355488475
1999,AT,37649.7989906119
2000,AT,38827.2726029512
2001,AT,39169.0532024998
2002,AT,39620.5456079819
2003,AT,39799.2130824725
2004,AT,40634.8816046983
2005,AT,41264.6724174533
2006,AT,42479.2641547245
2007,AT,43920.0464520643
2008,AT,44422.1874697688
2009,AT,42638.0413668359
2010,AT,43317.0850616844
2011,AT,44433.1273712124
2012,AT,44531.9691194035
2013,AT,44281.5663279585
2014,AT,44227.3786797355
2015,AT,44178.0473777432
2016,AT,44572.3228170817
2017,AT,45325.9352174877
2018,AT,46269.4836661902
2019,AT,46717.7207288551
2020,AT,43610.5304663154
1985,SU,
1986,SU,
1987,SU,
1988,SU,
1989,SU,
1990,SU,
1991,SU,
1992,SU,
1993,SU,
1994,SU,
1995,SU,
1996,SU,
1997,SU,
1998,SU,
1999,SU,
2000,SU,
2001,SU,
2002,SU,
2003,SU,
2004,SU,
2005,SU,
2006,SU,
2007,SU,
2008,SU,
2009,SU,
2010,SU,
2011,SU,
2012,SU,
2013,SU,
2014,SU,
2015,SU,
2016,SU,
2017,SU,
2018,SU,
2019,SU,
2020,SU,
1985,GR,14989.5535696395
1986,GR,15017.3948671523
1987,GR,14629.176578652
1988,GR,15201.1448500357
1989,GR,15696.6610091657
1990,GR,15531.4955780853
1991,GR,15821.9088797915
1992,GR,15811.4190458037
1993,GR,15467.1806261399
1994,GR,15697.7281264605
1995,GR,15952.6317629053
1996,GR,16337.0651737987
1997,GR,16985.6600623534
1998,GR,17549.7027923092
1999,GR,18019.7012769119
2000,GR,18649.5914021949
2001,GR,19319.4199557724
2002,GR,20003.8341439298
2003,GR,21112.5188913809
2004,GR,22126.2108541495
2005,GR,22193.6002668959
2006,GR,23377.7623420653
2007,GR,24081.6630265282
2008,GR,23937.3200363088
2009,GR,22847.6651083384
2010,GR,21568.0182105892
2011,GR,19407.7049124321
2012,GR,18130.9616586637
2013,GR,17762.1834615086
2014,GR,18005.7292840263
2015,GR,18050.0976100746
2016,GR,18036.5392167027
2017,GR,18303.7216041291
2018,GR,18626.8243706972
2019,GR,18992.6602020082
2020,GR,17436.0068928348
1985,MT,7865.49354458262
1986,MT,8035.68675557915
1987,MT,8308.58386909803
1988,MT,8934.03387058764
1989,MT,9571.14765900679
1990,MT,10074.2643900301
1991,MT,10419.915060919
1992,MT,10796.7461341621
1993,MT,11168.4172365217
1994,MT,11689.7136598279
1995,MT,12344.7715588185
1996,MT,12727.2426701278
1997,MT,13295.3116471943
1998,MT,13886.2307277665
1999,MT,14455.7006016678
2000,MT,17189.4893099022
2001,MT,16860.4481199959
2002,MT,17164.5221265623
2003,MT,17746.7060371756
2004,MT,17652.6398225425
2005,MT,18133.9715808333
2006,MT,18521.5561297871
2007,MT,19338.3447044487
2008,MT,19948.0828168895
2009,MT,19573.7711179956
2010,MT,20557.6463835752
2011,MT,20566.3364305547
2012,MT,21221.5116404443
2013,MT,22070.9672741161
2014,MT,23286.1231094786
2015,MT,24921.6036820869
2016,MT,25354.1754361864
2017,MT,26672.2318689616
2018,MT,27090.9324830243
2019,MT,27489.4211986268
2020,MT,24531.958880538
1985,IE,18085.7396702464
1986,IE,18000.0921863171
1987,IE,18837.4998159895
1988,IE,19905.2805185641
1989,IE,21146.183435325
1990,IE,22917.1777879955
1991,IE,23225.4823255535
1992,IE,23838.776145548
1993,IE,24358.6022572081
1994,IE,25659.2959367311
1995,IE,27987.5614920826
1996,IE,29814.299684193
1997,IE,32768.0495427313
1998,IE,35267.8169860201
1999,IE,38541.9463306264
2000,IE,41606.3217446718
2001,IE,43121.2719853122
2002,IE,44900.7464325206
2003,IE,45504.751946902
2004,IE,47712.2928060401
2005,IE,49361.9201926876
2006,IE,50441.9755186332
2007,IE,51604.5186271427
2008,IE,48294.5410151173
2009,IE,45368.1562276252
2010,IE,45913.5454379798
2011,IE,46202.2287945576
2012,IE,45982.7771338038
2013,IE,46320.8371633028
2014,IE,49990.326054872
2015,IE,61987.5509982224
2016,IE,62543.4690554909
2017,IE,67397.118681859
2018,IE,72578.4378391554
2019,IE,75112.8050295591
2020,IE,78558.2975121754
1985,TR,4473.30837592613
1986,TR,4691.99785728307
1987,TR,5039.30780719747
1988,TR,5061.87260091835
1989,TR,4986.63752784716
1990,TR,5354.80453104322
1991,TR,5303.00977154228
1992,TR,5479.29382064114
1993,TR,5804.31912905101
1994,TR,5445.85257760296
1995,TR,5782.2531159155
1996,TR,6111.0778989006
1997,TR,6470.78339443597
1998,TR,6522.94173019496
1999,TR,6213.06375522918
2000,TR,6543.7314468452
2001,TR,6075.99562671406
2002,TR,6373.13190722821
2003,TR,6644.14590345974
2004,TR,7194.68202623479
2005,TR,7738.57821530378
2006,TR,8173.53625104099
2007,TR,8483.96613595463
2008,TR,8451.47911084719
2009,TR,7942.03133076445
2010,TR,8491.58865227409
2011,TR,9299.13730289693
2012,TR,9586.76908831811
2013,TR,10225.7160912882
2014,TR,10549.676064426
2015,TR,11006.2795239649
2016,TR,11187.0536378814
2017,TR,11835.2611056347
2018,TR,12004.3769123433
2019,TR,11956.1978210009
2020,TR,12035.0334481449
1985,ES,15375.8745431636
1986,ES,15828.7370301982
1987,ES,16663.5070682924
1988,ES,17475.30183663
1989,ES,18290.1428737002
1990,ES,18962.4460513325
1991,ES,19395.7995223225
1992,ES,19480.3875563075
1993,ES,19179.7353629286
1994,ES,19543.5570987733
1995,ES,19994.0276895111
1996,ES,20440.6575630449
1997,ES,21108.832424233
1998,ES,21945.1437061243
1999,ES,22837.8336288066
2000,ES,23928.6716563381
2001,ES,24697.7585499539
2002,ES,25016.3719957174
2003,ES,25300.6213361732
2004,ES,25644.383226195
2005,ES,26135.6515826984
2006,ES,26751.8814133152
2007,ES,27207.873123646
2008,ES,27014.8147831246
2009,ES,25768.9261836715
2010,ES,25692.3696397122
2011,ES,25392.7471196427
2012,ES,24625.2702886027
2013,ES,24351.4621903478
2014,ES,24762.3808669492
2015,ES,25732.0183647454
2016,ES,26489.6586768835
2017,ES,27213.4516690616
2018,ES,27714.6575535931
2019,ES,28091.0123345952
2020,ES,24935.399446986
1985,NL,27209.2747616279
1986,NL,27812.8122170841
1987,NL,28170.6282684035
1988,NL,28952.3754382161
1989,NL,30051.2829137158
1990,NL,31093.5448650149
1991,NL,31601.9412997406
1992,NL,31899.0042880829
1993,NL,32075.8043994805
1994,NL,32827.0737124341
1995,NL,33683.1950698842
1996,NL,34701.2033877281
1997,NL,36017.5525135213
1998,NL,37465.639235757
1999,NL,39090.6642981786
2000,NL,40440.6753442634
2001,NL,41070.5219300347
2002,NL,40897.8747052156
2003,NL,40768.7233741055
2004,NL,41433.7379261672
2005,NL,42184.8069590736
2006,NL,43574.7751886319
2007,NL,45120.5291150749
2008,NL,45920.6770248553
2009,NL,44009.8999764991
2010,NL,44372.6559132716
2011,NL,44851.2719258373
2012,NL,44225.1843486817
2013,NL,44037.5905394991
2014,NL,44503.9932132535
2015,NL,45175.2318933798
2016,NL,45920.3140161741
2017,NL,46978.4488012077
2018,NL,47807.5889502256
2019,NL,48424.2538391367
2020,NL,46327.6715907327
1985,IL,0.0
1986,IL,0.0
1987,IL,0.0
1988,IL,0.0
1989,IL,0.0
1990,IL,0.0
1991,IL,0.0
1992,IL,0.0
1993,IL,0.0
1994,IL,0.0
1995,IL,27024.5055434235
1996,IL,27642.5162244929
1997,IL,28005.4426496677
1998,IL,28462.3520924007
1999,IL,28604.1669862234
2000,IL,29960.5713314059
2001,IL,29291.7255176325
2002,IL,28721.7335425242
2003,IL,28524.8107512399
2004,IL,29202.4477398957
2005,IL,29790.8879026553
2006,IL,30906.0646874568
2007,IL,32105.5117557922
2008,IL,32486.2724068587
2009,IL,32012.4841144335
2010,IL,33187.0432406989
2011,IL,34086.607067632
2012,IL,34276.5502597465
2013,IL,35055.7980583069
2014,IL,35737.6608102205
2015,IL,35813.7134069142
2016,IL,36462.3112429201
2017,IL,37033.7813335198
2018,IL,37591.0640055966
2019,IL,38152.7353182905
2020,IL,36563.9442298545
1985,MA,1469.19861771915
1986,MA,1571.63663419762
1987,MA,1535.138073003
1988,MA,1684.40944395639
1989,MA,1699.95565340277
1990,MA,1725.70909115491
1991,MA,1816.83529695778
1992,MA,1747.2977633005
1993,MA,1704.69659758326
1994,MA,1854.47275372391
1995,MA,1727.3109902572
1996,MA,1913.10891250071
1997,MA,1857.72845666304
1998,MA,1966.51388159555
1999,MA,1962.99392214214
2000,MA,1976.09144295419
2001,MA,2095.17473994426
2002,MA,2134.85025587744
2003,MA,2235.41793764214
2004,MA,2315.18749618417
2005,MA,2363.44444671891
2006,MA,2512.8613660627
2007,MA,2571.2644401938
2008,MA,2691.26840031743
2009,MA,2771.0466689914
2010,MA,2839.92611978697
2011,MA,2948.84424887755
2012,MA,2995.45235738661
2013,MA,3087.12241395529
2014,MA,3125.07948072635
2015,MA,3222.05417836739
2016,MA,3212.81782755422
2017,MA,3305.86952404542
2018,MA,3366.85015480517
2019,MA,3407.78847905092
2020,MA,3126.96406913402
1985,AE,77702.2921756698
1986,AE,62414.5068927396
1987,AE,60858.8108807631
1988,AE,55857.7636190788
1989,AE,59163.8266398628
1990,AE,66072.8415968215
1991,AE,62900.925279037
1992,AE,61340.2353875724
1993,AE,58676.9950687171
1994,AE,59408.9462039137
1995,AE,60213.9063652757
1996,AE,60593.6982944342
1997,AE,62311.3265746369
1998,AE,59342.1225409761
1999,AE,57918.2152414432
2000,AE,60761.5129247891
2001,AE,58465.3928730066
2002,AE,56857.4174458559
2003,AE,57975.4168914752
2004,AE,57953.3803392997
2005,AE,53884.8426393613
2006,AE,51235.5031201824
2007,AE,45422.5008697066
2008,AE,40785.4785093141
2009,AE,34605.9790228218
2010,AE,32559.0464724589
2011,AE,33271.4478095707
2012,AE,34022.6889203414
2013,AE,35523.1591091016
2014,AE,36979.6504601721
2015,AE,38663.4005026605
2016,AE,39429.3803967478
2017,AE,39828.1757024993
2018,AE,39700.4904275076
2019,AE,39789.9668532093
2020,AE,0.0
1985,CU,5276.97439016526
1986,CU,5237.40685237158
1987,CU,5060.53671915718
1988,CU,5192.09424343284
1989,CU,5174.42988817877
1990,CU,4977.7772252902
1991,CU,4413.6364016394
1992,CU,3879.66495608759
1993,CU,3286.24156422034
1994,CU,3294.79272027203
1995,CU,3360.3172443028
1996,CU,3606.8170310933
1997,CU,3690.19326362277
1998,CU,3679.6675323479
1999,CU,3891.18959398501
2000,CU,4105.8794871872
2001,CU,4222.13713348563
2002,CU,4268.91705587996
2003,CU,4419.17755670693
2004,CU,4665.38656904123
2005,CU,5182.81969599319
2006,CU,5808.34956537117
2007,CU,6235.76589977118
2008,CU,6500.65260135736
2009,CU,6601.02638947254
2010,CU,6759.34279884097
2011,CU,6942.05769695221
2012,CU,7138.36817279144
2013,CU,7317.85399615708
2014,CU,7378.69626373225
2015,CU,7694.01463710941
2016,CU,7726.49504352464
2017,CU,7863.39468388695
2018,CU,8040.98799500021
2019,CU,8026.80343590079
2020,CU,0.0
1985,SE,31472.5916095749
1986,SE,32244.5427172446
1987,SE,33214.9576323827
1988,SE,33908.7385537576
1989,SE,34577.4837345325
1990,SE,34570.3057339939
1991,SE,33941.9851819102
1992,SE,33352.5383635834
1993,SE,32474.4299146671
1994,SE,33511.6487224481
1995,SE,34648.1189154575
1996,SE,35139.4029916108
1997,SE,36197.6342064807
1998,SE,37737.4622753825
1999,SE,39309.5970016519
2000,SE,41117.1524303504
2001,SE,41601.3076782847
2002,SE,42377.119637975
2003,SE,43194.9261684047
2004,SE,44891.323206397
2005,SE,45990.3743263984
2006,SE,47864.8108642309
2007,SE,49145.1958332412
2008,SE,48544.1158941036
2009,SE,46043.4809449994
2010,SE,48369.9100407876
2011,SE,49539.9726076492
2012,SE,48885.5484179725
2013,SE,49048.8187500238
2014,SE,49855.301012313
2015,SE,51545.4836095322
2016,SE,51955.8610703634
2017,SE,52576.8102821051
2018,SE,52983.0068617482
2019,SE,53490.3518198746
2020,SE,51620.7010607563
1985,CN,667.127363525023
1986,CN,716.104075086962
1987,CN,786.863491695095
1988,CN,861.191965465324
1989,CN,883.762594105905
1990,CN,905.030858570453
1991,CN,975.461192526886
1992,CN,1100.64417174238
1993,CN,1239.1271844926
1994,CN,1384.92771102922
1995,CN,1520.02678450203
1996,CN,1653.43086834505
1997,CN,1787.7638191814
1998,CN,1909.61895536109
1999,CN,2038.20287385107
2000,CN,2193.8929912059
2001,CN,2359.56821727539
2002,CN,2557.88709386907
2003,CN,2797.17171830387
2004,CN,3061.82776434297
2005,CN,3390.7101702354
2006,CN,3800.75908240911
2007,CN,4319.02376854822
2008,CN,4711.63512676117
2009,CN,5128.89506825024
2010,CN,5647.05875239019
2011,CN,6156.82859584857
2012,CN,6608.70712164955
2013,CN,7086.8741425548
2014,CN,7574.67993141248
2015,CN,8066.94263493206
2016,CN,8572.88213343734
2017,CN,9117.33771149166
2018,CN,9688.46685936294
2019,CN,10228.292811471
2020,CN,10430.730046943
1985,FR,24822.9843604873
1986,FR,25259.8576259788
1987,FR,25759.369466617
1988,FR,26829.2580318873
1989,FR,27843.408105201
1990,FR,28512.1087094134
1991,FR,28651.7591744876
1992,FR,28965.6109339918
1993,FR,28659.0713172147
1994,FR,29225.9504481256
1995,FR,29734.0452190384
1996,FR,30047.6086147551
1997,FR,30641.027776568
1998,FR,31623.8468164425
1999,FR,32537.9949586278
2000,FR,33583.8574420862
2001,FR,34001.7040416735
2002,FR,34138.6339381012
2003,FR,34176.5557264239
2004,FR,34885.8438638049
2005,FR,35199.7343164658
2006,FR,35811.3437917226
2007,FR,36453.4348155073
2008,FR,36342.7039869269
2009,FR,35117.3235150994
2010,FR,35625.4740419487
2011,FR,36230.9692176114
2012,FR,36168.9393600525
2013,FR,36190.6104790852
2014,FR,36363.9915771867
2015,FR,36638.184929157
2016,FR,36941.9362430702
2017,FR,37678.9272975347
2018,FR,38276.4694198731
2019,FR,38896.6854275513
2020,FR,35765.3816394215
1985,LU,45084.7383217017
1986,LU,49363.9870907581
1987,LU,50982.8649961856
1988,LU,54897.8938171522
1989,LU,59693.3944566018
1990,LU,62086.9872597445
1991,LU,66556.2609019821
1992,LU,66873.1224780897
1993,LU,68753.0718624208
1994,LU,70414.5775203401
1995,LU,70426.7596030592
1996,LU,70439.2521943382
1997,LU,73533.5864332643
1998,LU,77014.4928216676
1999,LU,82425.286489049
2000,LU,88025.839662526
2001,LU,89186.5598387076
2002,LU,91628.0161976941
2003,LU,91996.1401592215
2004,LU,93973.984870685
2005,LU,95483.077643569
2006,LU,98838.4885940564
2007,LU,105454.733374558
2008,LU,102261.002431067
2009,LU,96009.4060481972
2010,LU,98859.0833001351
2011,LU,99141.1068871714
2012,LU,96447.3544142432
2013,LU,97687.8677676971
2014,LU,99511.9710884293
2015,LU,101376.496574339
2016,LU,103753.580730435
2017,LU,103085.673722591
2018,LU,104261.936715747
2019,LU,104583.715895899
2020,LU,101206.753767828
1985,PA,5920.36404848012
1986,PA,5998.33579460928
1987,PA,5763.40370290885
1988,PA,4886.25694897722
1989,PA,4858.25464676472
1990,PA,5142.21999821721
1991,PA,5510.22871193854
1992,PA,5839.87317726888
1993,PA,6032.86864466376
1994,PA,6078.75152094884
1995,PA,6059.81880597032
1996,PA,6179.32585274396
1997,PA,6445.76024841069
1998,PA,6780.20512117525
1999,PA,6906.17602061462
2000,PA,6955.27311561095
2001,PA,6860.93689761926
2002,PA,6881.23894654579
2003,PA,7036.86988741049
2004,PA,7426.63806346596
2005,PA,7815.21160769068
2006,PA,8337.57088110956
2007,PA,9169.13714938571
2008,PA,9893.67833386329
2009,PA,9840.3157893539
2010,PA,10232.3272057982
2011,PA,11193.9651587066
2012,PA,12079.486499731
2013,PA,12695.2344527216
2014,PA,13113.2422271674
2015,PA,13630.3228683958
2016,PA,14062.4361304324
2017,PA,14596.7084754452
2018,PA,14868.1102926356
2019,PA,15069.0658185132
2020,PA,12168.4705561099
1985,BG,3919.18896984334
1986,BG,4085.17607851839
1987,BG,4326.14478510598
1988,BG,4794.23758100093
1989,BG,4691.08041660164
1990,BG,4340.9753438688
1991,BG,4013.92327359653
1992,BG,3762.19955247593
1993,BG,3736.19472273126
1994,BG,3817.05937943054
1995,BG,3943.56388976294
1996,BG,4167.6588380913
1997,BG,3597.9886552785
1998,BG,3777.29468517228
1999,BG,3483.97444230667
2000,BG,3668.65429675323
2001,BG,3885.27240092847
2002,BG,4206.89911290336
2003,BG,4458.81120420508
2004,BG,4782.00006881152
2005,BG,5162.8112341045
2006,BG,5556.03285955315
2007,BG,5964.03812771231
2008,BG,6371.55407049382
2009,BG,6196.31781406542
2010,BG,6272.13522629895
2011,BG,6461.11420452556
2012,BG,6521.82023129136
2013,BG,6579.78707439965
2014,BG,6742.059072337
2015,BG,7055.93567291245
2016,BG,7377.0634491844
2017,BG,7691.44056606678
2018,BG,7986.75743527881
2019,BG,8340.3146897669
2020,BG,8049.81919216986
1985,ZA,4768.07589409868
1986,ZA,4652.59597981548
1987,ZA,4639.28709245271
1988,ZA,4723.52855777643
1989,ZA,4725.03250069347
1990,ZA,4598.60988984681
1991,ZA,4440.9513281694
1992,ZA,4238.87303827476
1993,ZA,4187.09709316781
1994,ZA,4221.98334489703
1995,ZA,4261.2917519488
1996,ZA,4359.8006319665
1997,ZA,4395.48212634969
1998,ZA,4347.19617380735
1999,ZA,4385.63791670092
2000,ZA,4505.89639890697
2001,ZA,4566.26668616395
2002,ZA,4675.76293282338
2003,ZA,4755.10182977479
2004,ZA,4911.49941036713
2005,ZA,5107.07681426935
2006,ZA,5325.5452787136
2007,ZA,5539.01956682105
2008,ZA,5640.02359087937
2009,ZA,5476.53437522754
2010,ZA,5561.47928988453
2011,ZA,5657.22171750527
2012,ZA,5691.71454556114
2013,ZA,5740.32639507131
2014,ZA,5754.48537962501
2015,ZA,5734.63342207587
2016,ZA,5673.39345509888
2017,ZA,5672.69308916239
2018,ZA,5639.90199673467
2019,ZA,5574.64388994402
2020,ZA,5121.04464269797
1985,TW,
1986,TW,
1987,TW,
1988,TW,
1989,TW,
1990,TW,
1991,TW,
1992,TW,
1993,TW,
1994,TW,
1995,TW,
1996,TW,
1997,TW,
1998,TW,
1999,TW,
2000,TW,
2001,TW,
2002,TW,
2003,TW,
2004,TW,
2005,TW,
2006,TW,
2007,TW,
2008,TW,
2009,TW,
2010,TW,
2011,TW,
2012,TW,
2013,TW,
2014,TW,
2015,TW,
2016,TW,
2017,TW,
2018,TW,
2019,TW,
2020,TW,
1985,AR,9009.00172884746
1986,AR,9412.99481333182
1987,AR,9517.10860962445
1988,AR,9269.35579048858
1989,AR,8477.67290299912
1990,AR,8149.24061868556
1991,AR,8769.75039972016
1992,AR,9338.69951701644
1993,AR,9974.00441871003
1994,AR,10423.3788791662
1995,AR,10003.0916892982
1996,AR,10430.6824927136
1997,AR,11146.7210336555
1998,AR,11445.5649384682
1999,AR,10935.6445948055
2000,AR,10730.6082172968
2001,AR,10146.1068184859
2002,AR,8943.30800223846
2003,AR,9629.84408600561
2004,AR,10389.1512740641
2005,AR,11192.1795786128
2006,AR,11970.6553871118
2007,AR,12919.2353647124
2008,AR,13310.6236843092
2009,AR,12398.2835807357
2010,AR,13551.3391940229
2011,AR,14200.2698890608
2012,AR,13895.6337072986
2013,AR,14071.5086831557
2014,AR,13567.9484159809
2015,AR,13789.060424772
2016,AR,13360.2118345982
2017,AR,13595.0373551081
2018,AR,13112.4011339529
2019,AR,12711.705186853
2020,AR,11342.0218239541
1985,BR,6062.54382770247
1986,BR,6412.45692979351
1987,BR,6512.0729508714
1988,BR,6381.46849327781
1989,BR,6469.09989367015
1990,BR,6155.87438138397
1991,BR,6139.96401739849
1992,BR,6007.84084073977
1993,BR,6184.29492584966
1994,BR,6408.63576251926
1995,BR,6584.83352741336
1996,BR,6624.10914057465
1997,BR,6742.72066642491
1998,BR,6662.86225828288
1999,BR,6595.6248298653
2000,BR,6787.67797716108
2001,BR,6788.58554804619
2002,BR,6904.63444707993
2003,BR,6896.14632279062
2004,BR,7206.27133740783
2005,BR,7352.29226965769
2006,BR,7560.71199947724
2007,BR,7936.83488269737
2008,BR,8258.62676248812
2009,BR,8169.27318076463
2010,BR,8702.266794901
2011,BR,8965.63256916182
2012,BR,9056.59029073811
2013,BR,9247.5855635843
2014,BR,9214.98938314987
2015,BR,8814.00141787464
2016,BR,8455.32348121931
2017,BR,8498.30510191241
2018,BR,8582.34994282074
2019,BR,8638.29428665528
2020,BR,8228.79135082195
1985,GB,26081.0029704892
1986,GB,26840.4062196468
1987,GB,28227.7525167969
1988,GB,29779.6806564651
1989,GB,30467.8678511743
1990,GB,30599.8184459506
1991,GB,30168.8243493449
1992,GB,30208.0236297144
1993,GB,30886.015697252
1994,GB,31992.3427337598
1995,GB,32715.6203912636
1996,GB,33445.496767754
1997,GB,35019.199539071
1998,GB,36211.9535430908
1999,GB,37280.7069173319
2000,GB,38450.2208515377
2001,GB,39348.2676067342
2002,GB,40035.7204658249
2003,GB,41173.4919821351
2004,GB,41875.9034336311
2005,GB,42818.6169647314
2006,GB,43650.0339352817
2007,GB,44333.8657875995
2008,GB,43863.6881561791
2009,GB,41742.2267535582
2010,GB,42275.2883500297
2011,GB,42481.3029251905
2012,GB,42790.3727048028
2013,GB,43433.9477037155
2014,GB,44349.5198680738
2015,GB,45039.2359520486
2016,GB,45469.0777439265
2017,GB,45947.1643412566
2018,GB,46241.6519696352
2019,GB,46611.844332875
2020,GB,41811.3598070199
1985,SA,15248.7626868654
1986,SA,16969.6530941405
1987,SA,15129.5744765427
1988,SA,16403.8935196748
1989,SA,15700.2417648352
1990,SA,17453.4124484581
1991,SA,19427.8578697857
1992,SA,19606.3988338284
1993,SA,18815.7738940915
1994,SA,18452.2250268934
1995,SA,18070.4018531975
1996,SA,18162.0466807963
1997,SA,18009.3143241699
1998,SA,18178.0491521116
1999,SA,17137.7202699684
2000,SA,17690.667661002
2001,SA,17032.3631103121
2002,SA,16094.7060623874
2003,SA,17384.8003795546
2004,SA,18219.8637993451
2005,SA,18683.3838319266
2006,SA,18669.6202875056
2007,SA,18496.3311742545
2008,SA,19117.9356513087
2009,SA,18202.6991630007
2010,SA,18568.3698643145
2011,SA,19813.2589221404
2012,SA,20249.8045023442
2013,SA,20175.5579524664
2014,SA,20327.6749584593
2015,SA,20627.9269288204
2016,SA,20503.3817729956
2017,SA,19946.9553702638
2018,SA,20067.778733703
2019,SA,19801.8742165029
2020,SA,18691.2474250888
