Country,Year,90,91,92,93,94,95,96,97,98,99,1,2,3,4,5,6,7,8,9,10,Z1,Z2,X1,X2,X3,X4,Shock,Y2,Y1
A,1990,1,0,0,0,0,0,0,0,0,0,0,0,0,0,0,0,0,0,0,0,6,16,34,134,1493,0.773235661,0,14,36
A,1991,0,1,0,0,0,0,0,0,0,0,0,0,0,0,0,0,0,0,0,0,5,15,22,136,1899,0.039737832,0,12.5,24
A,1992,0,0,1,0,0,0,0,0,0,0,0,0,0,0,0,0,0,0,0,0,7,19,22,121,1898,0.442696637,1,17.5,25
A,1993,0,0,0,1,0,0,0,0,0,0,0,0,0,0,0,0,0,0,0,0,5,15,38,150,1350,0.312556509,1,13.5,41
A,1994,0,0,0,0,1,0,0,0,0,0,0,0,0,0,0,0,0,0,0,0,10,11,22,146,1104,0.408752806,0,15.5,24
A,1995,0,0,0,0,0,1,0,0,0,0,0,0,0,0,0,0,0,0,0,0,2,1,20,132,1858,0.218331408,0,2.5,22
A,1996,0,0,0,0,0,0,1,0,0,0,0,0,0,0,0,0,0,0,0,0,3,6,22,137,1193,0.24971466,0,6,24
A,1997,0,0,0,0,0,0,0,1,0,0,0,0,0,0,0,0,0,0,0,0,5,5,29,123,1015,0.989437756,1,8.5,32
A,1998,0,0,0,0,0,0,0,0,1,0,0,0,0,0,0,0,0,0,0,0,5,15,28,127,1042,0.015543896,1,13.5,30
A,1999,0,0,0,0,0,0,0,0,0,1,0,0,0,0,0,0,0,0,0,0,3,5,25,130,1619,0.750293203,0,5.5,27
A,2000,0,0,0,0,0,0,0,0,0,0,0,0,0,0,0,0,0,0,0,0,8,6,24,138,1532,0.642686874,0,11,26
A,2001,0,0,0,0,0,0,0,0,0,0,1,0,0,0,0,0,0,0,0,0,1,19,39,143,1659,0.803574967,1,11.5,42
A,2002,0,0,0,0,0,0,0,0,0,0,0,1,0,0,0,0,0,0,0,0,7,19,24,120,1861,0.189025453,1,17.5,27
A,2003,0,0,0,0,0,0,0,0,0,0,0,0,1,0,0,0,0,0,0,0,8,16,23,136,1146,0.252106512,1,17,26
A,2004,0,0,0,0,0,0,0,0,0,0,0,0,0,1,0,0,0,0,0,0,9,10,33,149,1238,0.281747867,0,14,35
A,2005,0,0,0,0,0,0,0,0,0,0,0,0,0,0,1,0,0,0,0,0,8,4,37,129,1540,0.526840453,1,11,40
A,2006,0,0,0,0,0,0,0,0,0,0,0,0,0,0,0,1,0,0,0,0,7,14,31,147,1941,0.799188063,1,15,34
A,2007,0,0,0,0,0,0,0,0,0,0,0,0,0,0,0,0,1,0,0,0,3,17,33,135,1557,0.096495232,1,12.5,36
A,2008,0,0,0,0,0,0,0,0,0,0,0,0,0,0,0,0,0,1,0,0,8,17,38,142,1078,0.048604819,1,17.5,41
A,2009,0,0,0,0,0,0,0,0,0,0,0,0,0,0,0,0,0,0,1,0,8,13,35,150,1025,0.443476588,1,15.5,38
A,2010,0,0,0,0,0,0,0,0,0,0,0,0,0,0,0,0,0,0,0,1,5,9,40,134,1087,0.72217733,1,10.5,43
B,1990,1,0,0,0,0,0,0,0,0,0,0,0,0,0,0,0,0,0,0,0,8,18,37,139,1906,0.889706116,1,18,40
B,1991,0,1,0,0,0,0,0,0,0,0,0,0,0,0,0,0,0,0,0,0,5,8,22,140,1870,0.052455944,1,10,25
B,1992,0,0,1,0,0,0,0,0,0,0,0,0,0,0,0,0,0,0,0,0,9,10,24,148,1036,0.287382387,1,15,27
B,1993,0,0,0,1,0,0,0,0,0,0,0,0,0,0,0,0,0,0,0,0,1,15,20,122,1026,0.266523728,0,8.5,22
B,1994,0,0,0,0,1,0,,0,0,0,0,0,0,0,0,0,0,0,0,0,5,1,28,127,1459,0.706873289,1,6.5,31
B,1995,0,0,0,0,0,1,0,0,0,0,0,0,0,0,0,0,0,0,0,0,10,19,32,142,1575,0.382700765,0,19.5,34
B,1996,0,0,0,0,0,0,1,0,0,0,0,0,0,0,0,0,0,0,0,0,8,10,30,133,1129,0.410654652,1,14,33
B,1997,0,0,0,0,0,0,0,1,0,0,0,0,0,0,0,0,0,0,0,0,5,8,25,141,1570,0.846355982,0,9,27
B,1998,0,0,0,0,0,0,0,0,1,0,0,0,0,0,0,0,0,0,0,0,1,14,36,145,1429,0.806598956,0,8,38
B,1999,0,0,0,0,0,0,0,0,0,1,0,0,0,0,0,0,0,0,0,0,3,4,22,140,1945,0.027042061,1,6,25
B,2000,0,0,0,0,0,0,0,0,0,0,0,0,0,0,0,0,0,0,0,0,6,2,39,143,1034,0.320843981,1,8,42
B,2001,0,0,0,0,0,0,0,0,0,0,1,0,0,0,0,0,0,0,0,0,6,19,37,126,1197,0.959948674,1,16.5,40
B,2002,0,0,0,0,0,0,0,0,0,0,0,1,0,0,0,0,0,0,0,0,2,2,27,149,1858,0.073905206,0,3,29
B,2003,0,0,0,0,0,0,0,0,0,0,0,0,1,0,0,0,0,0,0,0,2,20,37,147,1703,0.692227149,0,12,39
B,2004,0,0,0,0,0,0,0,0,0,0,0,0,0,1,0,0,0,0,0,0,8,19,29,147,1805,0.762161635,0,17.5,31
B,2005,0,0,0,0,0,0,0,0,0,0,0,0,0,0,1,0,0,0,0,0,6,9,31,136,1635,0.558047559,1,11.5,34
B,2006,0,0,0,0,0,0,0,0,0,0,0,0,0,0,0,1,0,0,0,0,3,2,40,134,1647,0.121346216,1,5,43
B,2007,0,0,0,0,0,0,0,0,0,0,0,0,0,0,0,0,1,0,0,0,9,13,33,148,1198,0.255504528,1,16.5,36
B,2008,0,0,0,0,0,0,0,0,0,0,0,0,0,0,0,0,0,1,0,0,7,14,37,130,1115,0.32751936,1,15,40
B,2009,0,0,0,0,0,0,0,0,0,0,0,0,0,0,0,0,0,0,1,0,6,9,30,125,1978,0.124495721,0,10.5,32
B,2010,0,0,0,0,0,0,0,0,0,0,0,0,0,0,0,0,0,0,0,1,6,19,23,140,1574,0.145940259,0,15.5,25
C,1990,1,0,0,0,0,0,0,0,0,0,0,0,0,0,0,0,0,0,0,0,1,14,21,144,1686,0.446801753,1,9,24
C,1991,0,1,0,0,0,0,0,0,0,0,0,0,0,0,0,0,0,0,0,0,2,8,34,122,1282,0.237282863,0,6,36
C,1992,0,0,1,0,0,0,0,0,0,0,0,0,0,0,0,0,0,0,0,0,2,14,22,134,1161,0.091928329,0,9,24
C,1993,0,0,0,1,0,0,0,0,0,0,0,0,0,0,0,0,0,0,0,0,2,18,37,141,1925,0.624803383,1,12,40
C,1994,0,0,0,0,1,0,,0,0,0,0,0,0,0,0,0,0,0,0,0,8,3,39,128,1349,0.563080677,1,10.5,42
C,1995,0,0,0,0,0,1,0,0,0,0,0,0,0,0,0,0,0,0,0,0,9,9,31,143,1076,0.041772781,1,14.5,34
C,1996,0,0,0,0,0,0,1,0,0,0,0,0,0,0,0,0,0,0,0,0,6,2,35,121,1196,0.34387386,1,8,38
C,1997,0,0,0,0,0,0,0,1,0,0,0,0,0,0,0,0,0,0,0,0,3,9,28,130,1377,0.437309851,0,7.5,30
C,1998,0,0,0,0,0,0,0,0,1,0,0,0,0,0,0,0,0,0,0,0,9,20,25,136,1227,0.08994356,1,20,28
C,1999,0,0,0,0,0,0,0,0,0,1,0,0,0,0,0,0,0,0,0,0,10,11,21,135,1298,0.837637651,0,15.5,23
C,2000,0,0,0,0,0,0,0,0,0,0,0,0,0,0,0,0,0,0,0,0,7,20,37,135,1689,0.339850133,1,18,40
C,2001,0,0,0,0,0,0,0,0,0,0,1,0,0,0,0,0,0,0,0,0,1,20,40,150,1276,0.054316968,0,11,42
C,2002,0,0,0,0,0,0,0,0,0,0,0,1,0,0,0,0,0,0,0,0,4,12,33,139,1821,0.785595281,1,11,36
C,2003,0,0,0,0,0,0,0,0,0,0,0,0,1,0,0,0,0,0,0,0,4,14,23,141,1050,0.345260895,0,11,25
C,2004,0,0,0,0,0,0,0,0,0,0,0,0,0,1,0,0,0,0,0,0,5,11,21,145,1050,0.558615808,1,11.5,24
C,2005,0,0,0,0,0,0,0,0,0,0,0,0,0,0,1,0,0,0,0,0,3,5,38,148,1481,0.628637112,1,6.5,41
C,2006,0,0,0,0,0,0,0,0,0,0,0,0,0,0,0,1,0,0,0,0,7,14,22,138,1956,0.772047423,0,14,24
C,2007,0,0,0,0,0,0,0,0,0,0,0,0,0,0,0,0,1,0,0,0,3,2,27,120,1852,0.032324538,1,5,29
C,2008,0,0,0,0,0,0,0,0,0,0,0,0,0,0,0,0,0,1,0,0,2,20,29,120,1384,0.394413928,0,12,31
C,2009,0,0,0,0,0,0,0,0,0,0,0,0,0,0,0,0,0,0,1,0,7,6,20,140,1450,0.483119374,0,10,22
C,2010,0,0,0,0,0,0,0,0,0,0,0,0,0,0,0,0,0,0,0,1,4,2,28,133,1954,0.783654342,1,6,31
D,1990,1,0,0,0,0,0,0,0,0,0,0,0,0,0,0,0,0,0,0,0,7,2,26,132,1373,0.180470525,1,9,29
D,1991,0,1,0,0,0,0,0,0,0,0,0,0,0,0,0,0,0,0,0,0,9,8,33,128,1280,0.355668344,1,14,36
D,1992,0,0,1,0,0,0,0,0,0,0,0,0,0,0,0,0,0,0,0,0,7,14,27,134,1920,0.612619109,1,15,30
D,1993,0,0,0,1,0,0,0,0,0,0,0,0,0,0,0,0,0,0,0,0,1,19,22,141,1439,0.466930455,0,10.5,24
D,1994,0,0,0,0,1,0,,0,0,0,0,0,0,0,0,0,0,0,0,0,9,5,37,129,1030,0.665807911,1,12.5,40
D,1995,0,0,0,0,0,1,0,0,0,0,0,0,0,0,0,0,0,0,0,0,4,12,32,123,1545,0.911597508,1,11,35
D,1996,0,0,0,0,0,0,1,0,0,0,0,0,0,0,0,0,0,0,0,0,3,6,34,140,1762,0.907550577,0,6,36
D,1997,0,0,0,0,0,0,0,1,0,0,0,0,0,0,0,0,0,0,0,0,6,8,40,144,1634,0.779758219,1,11,43
D,1998,0,0,0,0,0,0,0,0,1,0,0,0,0,0,0,0,0,0,0,0,2,1,27,131,1680,0.016923853,1,3.5,29
D,1999,0,0,0,0,0,0,0,0,0,1,0,0,0,0,0,0,0,0,0,0,8,10,37,120,1704,0.693998672,0,13,39
D,2000,0,0,0,0,0,0,0,0,0,0,0,0,0,0,0,0,0,0,0,0,3,15,37,147,1372,0.714650509,0,10.5,39
D,2001,0,0,0,0,0,0,0,0,0,0,1,0,0,0,0,0,0,0,0,0,10,15,25,140,1291,0.546901442,0,17.5,27
D,2002,0,0,0,0,0,0,0,0,0,0,0,1,0,0,0,0,0,0,0,0,7,15,20,133,1613,0.457163542,1,15.5,23
D,2003,0,0,0,0,0,0,0,0,0,0,0,0,1,0,0,0,0,0,0,0,5,11,40,150,1313,0.511645998,0,10.5,42
D,2004,0,0,0,0,0,0,0,0,0,0,0,0,0,1,0,0,0,0,0,0,10,8,35,122,1977,0.130290567,1,15,38
D,2005,0,0,0,0,0,0,0,0,0,0,0,0,0,0,1,0,0,0,0,0,7,20,26,131,1166,0.645376897,1,18,29
D,2006,0,0,0,0,0,0,0,0,0,0,0,0,0,0,0,1,0,0,0,0,7,13,21,145,1587,0.256148575,0,13.5,23
D,2007,0,0,0,0,0,0,0,0,0,0,0,0,0,0,0,0,1,0,0,0,9,9,39,149,1362,0.632605228,0,13.5,41
D,2008,0,0,0,0,0,0,0,0,0,0,0,0,0,0,0,0,0,1,0,0,10,11,31,132,1089,0.472859164,1,16.5,34
D,2009,0,0,0,0,0,0,0,0,0,0,0,0,0,0,0,0,0,0,1,0,6,12,31,123,1049,0.90580337,0,12,33
D,2010,0,0,0,0,0,0,0,0,0,0,0,0,0,0,0,0,0,0,0,1,3,11,31,125,1906,0.51298626,0,8.5,33
E,1990,1,0,0,0,0,0,0,0,0,0,0,0,0,0,0,0,0,0,0,0,7,14,23,134,1723,0.41549242,0,14,25
E,1991,0,1,0,0,0,0,0,0,0,0,0,0,0,0,0,0,0,0,0,0,6,7,38,140,1857,0.9849093,1,10.5,42
E,1992,0,0,1,0,0,0,0,0,0,0,0,0,0,0,0,0,0,0,0,0,9,8,22,135,1544,0.208152272,0,13,24
E,1993,0,0,0,1,0,0,0,0,0,0,0,0,0,0,0,0,0,0,0,0,4,4,21,134,1004,0.603382368,0,6,23
E,1994,0,0,0,0,1,0,,0,0,0,0,0,0,0,0,0,0,0,0,0,6,10,27,121,1322,0.496145546,1,12,30
E,1995,0,0,0,0,0,1,0,0,0,0,0,0,0,0,0,0,0,0,0,0,4,2,37,134,1442,0.419762224,0,5,39
E,1996,0,0,0,0,0,0,1,0,0,0,0,0,0,0,0,0,0,0,0,0,9,3,37,142,1426,0.774025477,0,10.5,39
E,1997,0,0,0,0,0,0,0,1,0,0,0,0,0,0,0,0,0,0,0,0,1,11,36,150,1820,0.861147038,0,6.5,39
E,1998,0,0,0,0,0,0,0,0,1,0,0,0,0,0,0,0,0,0,0,0,1,20,39,138,1806,0.159197296,1,12,42
E,1999,0,0,0,0,0,0,0,0,0,1,0,0,0,0,0,0,0,0,0,0,2,17,25,134,1532,0.45675077,1,11.5,28
E,2000,0,0,0,0,0,0,0,0,0,0,0,0,0,0,0,0,0,0,0,0,6,13,33,133,1788,0.032979544,1,13.5,36
E,2001,0,0,0,0,0,0,0,0,0,0,1,0,0,0,0,0,0,0,0,0,7,8,29,120,1246,0.607669738,1,12,32
E,2002,0,0,0,0,0,0,0,0,0,0,0,1,0,0,0,0,0,0,0,0,9,2,31,121,1951,0.837537705,1,11,34
E,2003,0,0,0,0,0,0,0,0,0,0,0,0,1,0,0,0,0,0,0,0,7,7,23,132,1940,0.695858863,1,11.5,26
E,2004,0,0,0,0,0,0,0,0,0,0,0,0,0,1,0,0,0,0,0,0,10,6,35,120,1530,0.827389876,0,13,37
E,2005,0,0,0,0,0,0,0,0,0,0,0,0,0,0,1,0,0,0,0,0,9,4,40,150,1411,0.977940812,1,12,44
E,2006,0,0,0,0,0,0,0,0,0,0,0,0,0,0,0,1,0,0,0,0,6,16,23,134,1477,0.097606387,0,14,25
E,2007,0,0,0,0,0,0,0,0,0,0,0,0,0,0,0,0,1,0,0,0,7,14,20,142,1655,0.253396491,0,14,22
E,2008,0,0,0,0,0,0,0,0,0,0,0,0,0,0,0,0,0,1,0,0,6,12,35,125,1350,0.643452256,1,13,38
E,2009,0,0,0,0,0,0,0,0,0,0,0,0,0,0,0,0,0,0,1,0,10,13,20,137,1261,0.638933512,1,17.5,23
E,2010,0,0,0,0,0,0,0,0,0,0,0,0,0,0,0,0,0,0,0,1,4,2,28,138,1898,0.744571883,1,6,31
F,1990,1,0,0,0,0,0,0,0,0,0,0,0,0,0,0,0,0,0,0,0,8,11,37,127,1710,0.438830562,1,14.5,40
F,1991,0,1,0,0,0,0,0,0,0,0,0,0,0,0,0,0,0,0,0,0,3,11,27,131,1862,0.826179196,0,8.5,29
F,1992,0,0,1,0,0,0,0,0,0,0,0,0,0,0,0,0,0,0,0,0,2,6,39,148,1705,0.06075196,0,5,41
F,1993,0,0,0,1,0,0,0,0,0,0,0,0,0,0,0,0,0,0,0,0,9,3,36,127,1064,0.170703016,0,10.5,38
F,1994,0,0,0,0,1,0,,0,0,0,0,0,0,0,0,0,0,0,0,0,4,19,33,148,1759,0.679596533,0,13.5,35
F,1995,0,0,0,0,0,1,0,0,0,0,0,0,0,0,0,0,0,0,0,0,5,6,40,135,1807,0.491407697,0,8,42
F,1996,0,0,0,0,0,0,1,0,0,0,0,0,0,0,0,0,0,0,0,0,9,6,36,131,1399,0.2158161,1,13,39
F,1997,0,0,0,0,0,0,0,1,0,0,0,0,0,0,0,0,0,0,0,0,6,19,22,141,1214,0.853089725,1,16.5,25
F,1998,0,0,0,0,0,0,0,0,1,0,0,0,0,0,0,0,0,0,0,0,5,2,36,147,1061,0.419806499,0,6,38
F,1999,0,0,0,0,0,0,0,0,0,1,0,0,0,0,0,0,0,0,0,0,9,5,36,133,1479,0.633811942,0,11.5,38
F,2000,0,0,0,0,0,0,0,0,0,0,0,0,0,0,0,0,0,0,0,0,2,15,37,126,1376,0.981111821,0,9.5,39
F,2001,0,0,0,0,0,0,0,0,0,0,1,0,0,0,0,0,0,0,0,0,10,13,40,130,1987,0.680888069,1,17.5,43
F,2002,0,0,0,0,0,0,0,0,0,0,0,1,0,0,0,0,0,0,0,0,10,5,29,123,1975,0.386767218,0,12.5,31
F,2003,0,0,0,0,0,0,0,0,0,0,0,0,1,0,0,0,0,0,0,0,1,8,36,136,1321,0.895454072,1,6,39
F,2004,0,0,0,0,0,0,0,0,0,0,0,0,0,1,0,0,0,0,0,0,9,13,37,134,1546,0.794897468,1,16.5,40
F,2005,0,0,0,0,0,0,0,0,0,0,0,0,0,0,1,0,0,0,0,0,4,13,23,125,1106,0.964438135,0,10.5,25
F,2006,0,0,0,0,0,0,0,0,0,0,0,0,0,0,0,1,0,0,0,0,4,6,38,121,1518,0.756625824,0,7,40
F,2007,0,0,0,0,0,0,0,0,0,0,0,0,0,0,0,0,1,0,0,0,2,7,30,128,1491,0.182372623,0,5.5,32
F,2008,0,0,0,0,0,0,0,0,0,0,0,0,0,0,0,0,0,1,0,0,2,18,30,126,1455,0.139636152,0,11,32
F,2009,0,0,0,0,0,0,0,0,0,0,0,0,0,0,0,0,0,0,1,0,3,9,31,142,1718,0.242661057,0,7.5,33
F,2010,0,0,0,0,0,0,0,0,0,0,0,0,0,0,0,0,0,0,0,1,7,19,26,123,1237,0.374405849,0,16.5,28
G,1990,1,0,0,0,0,0,0,0,0,0,0,0,0,0,0,0,0,0,0,0,1,17,24,123,1763,0.785195624,0,9.5,26
G,1991,0,1,0,0,0,0,0,0,0,0,0,0,0,0,0,0,0,0,0,0,1,17,31,132,1356,0.510995525,1,10.5,34
G,1992,0,0,1,0,0,0,0,0,0,0,0,0,0,0,0,0,0,0,0,0,5,5,36,132,1646,0.942560859,1,8.5,39
G,1993,0,0,0,1,0,0,0,0,0,0,0,0,0,0,0,0,0,0,0,0,7,18,39,142,1464,0.618301897,0,16,41
G,1994,0,0,0,0,1,0,,0,0,0,0,0,0,0,0,0,0,0,0,0,7,9,20,140,1939,0.524489672,0,11.5,22
G,1995,0,0,0,0,0,1,0,0,0,0,0,0,0,0,0,0,0,0,0,0,8,8,40,131,1020,0.585175993,0,12,42
G,1996,0,0,0,0,0,0,1,0,0,0,0,0,0,0,0,0,0,0,0,0,7,5,22,147,1999,0.231341872,1,10.5,25
G,1997,0,0,0,0,0,0,0,1,0,0,0,0,0,0,0,0,0,0,0,0,10,7,39,139,1916,0.432602116,1,14.5,42
G,1998,0,0,0,0,0,0,0,0,1,0,0,0,0,0,0,0,0,0,0,0,5,19,23,122,1667,0.128204938,1,15.5,26
G,1999,0,0,0,0,0,0,0,0,0,1,0,0,0,0,0,0,0,0,0,0,9,9,20,124,1214,0.010428938,1,14.5,22
G,2000,0,0,0,0,0,0,0,0,0,0,0,0,0,0,0,0,0,0,0,0,1,19,40,142,1398,0.831112791,1,11.5,43
G,2001,0,0,0,0,0,0,0,0,0,0,1,0,0,0,0,0,0,0,0,0,9,12,38,150,1406,0.866837491,1,16,42
G,2002,0,0,0,0,0,0,0,0,0,0,0,1,0,0,0,0,0,0,0,0,9,20,29,122,1827,0.306856135,1,20,32
G,2003,0,0,0,0,0,0,0,0,0,0,0,0,1,0,0,0,0,0,0,0,7,15,26,128,1300,0.727181245,1,15.5,29
G,2004,0,0,0,0,0,0,0,0,0,0,0,0,0,1,0,0,0,0,0,0,1,4,35,120,1913,0.814696074,0,3,37
G,2005,0,0,0,0,0,0,0,0,0,0,0,0,0,0,1,0,0,0,0,0,8,16,37,148,1263,0.149383748,0,16,39
G,2006,0,0,0,0,0,0,0,0,0,0,0,0,0,0,0,1,0,0,0,0,6,19,31,128,1048,0.191639781,1,16.5,34
G,2007,0,0,0,0,0,0,0,0,0,0,0,0,0,0,0,0,1,0,0,0,3,5,24,124,1600,0.524025679,1,6.5,27
G,2008,0,0,0,0,0,0,0,0,0,0,0,0,0,0,0,0,0,1,0,0,4,9,22,141,1016,0.666499865,0,8.5,24
G,2009,0,0,0,0,0,0,0,0,0,0,0,0,0,0,0,0,0,0,1,0,3,4,37,128,1180,0.32877828,0,5,39
G,2010,0,0,0,0,0,0,0,0,0,0,0,0,0,0,0,0,0,0,0,1,10,3,38,139,1108,0.975223135,1,12.5,41
H,1990,1,0,0,0,0,0,0,0,0,0,0,0,0,0,0,0,0,0,0,0,6,4,36,134,1906,0.752080686,0,8,38
H,1991,0,1,0,0,0,0,0,0,0,0,0,0,0,0,0,0,0,0,0,0,5,16,21,134,1151,0.048860615,1,14,24
H,1992,0,0,1,0,0,0,0,0,0,0,0,0,0,0,0,0,0,0,0,0,8,3,39,142,1878,0.873134149,1,10.5,42
H,1993,0,0,0,1,0,0,0,0,0,0,0,0,0,0,0,0,0,0,0,0,10,16,31,124,1746,0.055725463,0,18,32
H,1994,0,0,0,0,1,0,,0,0,0,0,0,0,0,0,0,0,0,0,0,7,19,36,147,1370,0.502221028,1,17.5,39
H,1995,0,0,0,0,0,1,0,0,0,0,0,0,0,0,0,0,0,0,0,0,6,11,35,141,1849,0.357414415,0,11.5,37
H,1996,0,0,0,0,0,0,1,0,0,0,0,0,0,0,0,0,0,0,0,0,1,19,31,146,1316,0.831459202,1,11.5,34
H,1997,0,0,0,0,0,0,0,1,0,0,0,0,0,0,0,0,0,0,0,0,1,19,28,129,1049,0.024689007,1,11.5,30
H,1998,0,0,0,0,0,0,0,0,1,0,0,0,0,0,0,0,0,0,0,0,4,12,39,126,1731,0.182578605,1,11,42
H,1999,0,0,0,0,0,0,0,0,0,1,0,0,0,0,0,0,0,0,0,0,2,8,38,143,1987,0.664253492,0,6,40
H,2000,0,0,0,0,0,0,0,0,0,0,0,0,0,0,0,0,0,0,0,0,9,10,35,139,1561,0.177420523,1,15,38
H,2001,0,0,0,0,0,0,0,0,0,0,1,0,0,0,0,0,0,0,0,0,6,19,30,124,1466,0.408011402,0,15.5,32
H,2002,0,0,0,0,0,0,0,0,0,0,0,1,0,0,0,0,0,0,0,0,6,1,24,121,1118,0.767289683,0,6.5,26
H,2003,0,0,0,0,0,0,0,0,0,0,0,0,1,0,0,0,0,0,0,0,7,20,28,144,1128,0.194606362,0,17,30
H,2004,0,0,0,0,0,0,0,0,0,0,0,0,0,1,0,0,0,0,0,0,9,17,26,131,1750,0.345706829,1,18.5,29
H,2005,0,0,0,0,0,0,0,0,0,0,0,0,0,0,1,0,0,0,0,0,2,2,21,145,1674,0.745927191,1,4,24
H,2006,0,0,0,0,0,0,0,0,0,0,0,0,0,0,0,1,0,0,0,0,1,2,24,144,1775,0.895400822,1,3,28
H,2007,0,0,0,0,0,0,0,0,0,0,0,0,0,0,0,0,1,0,0,0,1,5,38,130,1408,0.818452187,0,3.5,40
H,2008,0,0,0,0,0,0,0,0,0,0,0,0,0,0,0,0,0,1,0,0,8,18,32,150,1681,0.132487263,1,18,35
H,2009,0,0,0,0,0,0,0,0,0,0,0,0,0,0,0,0,0,0,1,0,9,15,29,136,1232,0.839486346,0,16.5,31
H,2010,0,0,0,0,0,0,0,0,0,0,0,0,0,0,0,0,0,0,0,1,5,16,40,140,1091,0.082696462,0,13,42
I,1990,1,0,0,0,0,0,0,0,0,0,0,0,0,0,0,0,0,0,0,0,1,6,25,150,1760,0.921056083,0,4,28
I,1991,0,1,0,0,0,0,0,0,0,0,0,0,0,0,0,0,0,0,0,0,8,19,38,142,1711,0.404942184,1,18.5,41
I,1992,0,0,1,0,0,0,0,0,0,0,0,0,0,0,0,0,0,0,0,0,3,8,35,133,1368,0.99926053,0,7,37
I,1993,0,0,0,1,0,0,0,0,0,0,0,0,0,0,0,0,0,0,0,0,9,17,22,122,1518,0.335182529,1,18.5,25
I,1994,0,0,0,0,1,0,,0,0,0,0,0,0,0,0,0,0,0,0,0,7,13,32,144,1130,0.220374907,1,14.5,35
I,1995,0,0,0,0,0,1,0,0,0,0,0,0,0,0,0,0,0,0,0,0,8,18,30,126,1137,0.626508335,0,17,32
I,1996,0,0,0,0,0,0,1,0,0,0,0,0,0,0,0,0,0,0,0,0,5,3,35,129,1765,0.831478999,0,6.5,37
I,1997,0,0,0,0,0,0,0,1,0,0,0,0,0,0,0,0,0,0,0,0,3,8,40,123,1704,0.744241321,1,8,43
I,1998,0,0,0,0,0,0,0,0,1,0,0,0,0,0,0,0,0,0,0,0,6,4,25,147,1158,0.831464544,1,9,28
I,1999,0,0,0,0,0,0,0,0,0,1,0,0,0,0,0,0,0,0,0,0,8,18,33,148,1599,0.971933367,1,18,37
I,2000,0,0,0,0,0,0,0,0,0,0,0,0,0,0,0,0,0,0,0,0,8,17,30,146,1407,0.386183916,1,17.5,33
I,2001,0,0,0,0,0,0,0,0,0,0,1,0,0,0,0,0,0,0,0,0,2,15,40,135,1856,0.253128241,0,9.5,42
I,2002,0,0,0,0,0,0,0,0,0,0,0,1,0,0,0,0,0,0,0,0,10,4,21,144,1694,0.496275539,0,12,23
I,2003,0,0,0,0,0,0,0,0,0,0,0,0,1,0,0,0,0,0,0,0,3,17,32,150,1979,0.923726011,0,11.5,35
I,2004,0,0,0,0,0,0,0,0,0,0,0,0,0,1,0,0,0,0,0,0,4,9,25,127,1684,0.463738487,1,9.5,28
I,2005,0,0,0,0,0,0,0,0,0,0,0,0,0,0,1,0,0,0,0,0,6,10,34,130,1682,0.208359213,1,12,37
I,2006,0,0,0,0,0,0,0,0,0,0,0,0,0,0,0,1,0,0,0,0,6,13,39,130,1633,0.715971824,1,13.5,42
I,2007,0,0,0,0,0,0,0,0,0,0,0,0,0,0,0,0,1,0,0,0,2,16,33,132,1278,0.449910732,1,11,36
I,2008,0,0,0,0,0,0,0,0,0,0,0,0,0,0,0,0,0,1,0,0,9,4,39,130,1710,0.308728655,1,12,42
I,2009,0,0,0,0,0,0,0,0,0,0,0,0,0,0,0,0,0,0,1,0,2,7,31,129,1553,0.128395408,0,5.5,33
I,2010,0,0,0,0,0,0,0,0,0,0,0,0,0,0,0,0,0,0,0,1,4,16,29,136,1867,0.685190664,0,12,31
J,1990,1,0,0,0,0,0,0,0,0,0,0,0,0,0,0,0,0,0,0,0,3,5,34,149,1823,0.950656187,1,6.5,38
J,1991,0,1,0,0,0,0,0,0,0,0,0,0,0,0,0,0,0,0,0,0,2,18,24,132,1849,0.221982992,0,11,26
J,1992,0,0,1,0,0,0,0,0,0,0,0,0,0,0,0,0,0,0,0,0,7,13,40,147,1041,0.479538316,1,14.5,43
J,1993,0,0,0,1,0,0,0,0,0,0,0,0,0,0,0,0,0,0,0,0,2,12,22,127,1665,0.582084663,0,8,24
J,1994,0,0,0,0,1,0,,0,0,0,0,0,0,0,0,0,0,0,0,0,4,6,21,144,1130,0.762381745,1,8,24
J,1995,0,0,0,0,0,1,0,0,0,0,0,0,0,0,0,0,0,0,0,0,1,11,37,125,1480,0.41651234,0,6.5,39
J,1996,0,0,0,0,0,0,1,0,0,0,0,0,0,0,0,0,0,0,0,0,7,4,24,126,1899,0.778548242,0,9,26
J,1997,0,0,0,0,0,0,0,1,0,0,0,0,0,0,0,0,0,0,0,0,4,18,25,144,1058,0.335983412,1,14,28
J,1998,0,0,0,0,0,0,0,0,1,0,0,0,0,0,0,0,0,0,0,0,9,12,31,146,1036,0.175173086,0,15,33
J,1999,0,0,0,0,0,0,0,0,0,1,0,0,0,0,0,0,0,0,0,0,7,2,28,145,1729,0.15390897,1,9,31
J,2000,0,0,0,0,0,0,0,0,0,0,0,0,0,0,0,0,0,0,0,0,4,6,22,142,1922,0.966352558,0,7,25
J,2001,0,0,0,0,0,0,0,0,0,0,1,0,0,0,0,0,0,0,0,0,9,6,28,131,1844,0.794981386,1,13,31
J,2002,0,0,0,0,0,0,0,0,0,0,0,1,0,0,0,0,0,0,0,0,6,11,32,146,1809,0.194651412,0,11.5,34
J,2003,0,0,0,0,0,0,0,0,0,0,0,0,1,0,0,0,0,0,0,0,9,12,40,123,1214,0.391399366,0,15,42
J,2004,0,0,0,0,0,0,0,0,0,0,0,0,0,1,0,0,0,0,0,0,7,16,20,133,1176,0.014439558,0,15,21
J,2005,0,0,0,0,0,0,0,0,0,0,0,0,0,0,1,0,0,0,0,0,3,17,27,148,1819,0.964482366,1,12.5,31
J,2006,0,0,0,0,0,0,0,0,0,0,0,0,0,0,0,1,0,0,0,0,7,14,28,145,1096,0.723414865,0,14,30
J,2007,0,0,0,0,0,0,0,0,0,0,0,0,0,0,0,0,1,0,0,0,5,14,34,130,1791,0.217295975,1,13,37
J,2008,0,0,0,0,0,0,0,0,0,0,0,0,0,0,0,0,0,1,0,0,1,20,24,137,1996,0.524364575,0,11,26
J,2009,0,0,0,0,0,0,0,0,0,0,0,0,0,0,0,0,0,0,1,0,5,13,33,126,1268,0.957952148,0,11.5,35
J,2010,0,0,0,0,0,0,0,0,0,0,0,0,0,0,0,0,0,0,0,1,2,19,30,125,1378,0.522214168,1,12.5,33
K,1990,1,0,0,0,0,0,0,0,0,0,0,0,0,0,0,0,0,0,0,0,3,14,32,128,1501,0.657265632,0,10,34
K,1991,0,1,0,0,0,0,0,0,0,0,0,0,0,0,0,0,0,0,0,0,2,4,24,142,1839,0.690049583,1,5,27
K,1992,0,0,1,0,0,0,0,0,0,0,0,0,0,0,0,0,0,0,0,0,1,19,40,124,1829,0.655717516,1,11.5,43
K,1993,0,0,0,1,0,0,0,0,0,0,0,0,0,0,0,0,0,0,0,0,1,4,40,146,1120,0.451507808,1,4,43
K,1994,0,0,0,0,1,0,,0,0,0,0,0,0,0,0,0,0,0,0,0,7,9,38,140,1021,0.732396055,1,12.5,41
K,1995,0,0,0,0,0,1,0,0,0,0,0,0,0,0,0,0,0,0,0,0,8,19,40,138,1241,0.393137141,0,17.5,42
K,1996,0,0,0,0,0,0,1,0,0,0,0,0,0,0,0,0,0,0,0,0,7,5,39,125,1750,0.195591565,0,9.5,41
K,1997,0,0,0,0,0,0,0,1,0,0,0,0,0,0,0,0,0,0,0,0,10,17,40,135,1694,0.088041827,1,19.5,43
K,1998,0,0,0,0,0,0,0,0,1,0,0,0,0,0,0,0,0,0,0,0,1,16,22,145,1188,0.758930771,0,9,24
K,1999,0,0,0,0,0,0,0,0,0,1,0,0,0,0,0,0,0,0,0,0,6,18,39,143,1657,0.764858931,1,16,42
K,2000,0,0,0,0,0,0,0,0,0,0,0,0,0,0,0,0,0,0,0,0,2,3,33,145,1130,0.528040871,1,4.5,36
K,2001,0,0,0,0,0,0,0,0,0,0,1,0,0,0,0,0,0,0,0,0,9,17,27,148,1403,0.686337914,0,17.5,29
K,2002,0,0,0,0,0,0,0,0,0,0,0,1,0,0,0,0,0,0,0,0,6,14,23,137,1545,0.326621417,0,13,25
K,2003,0,0,0,0,0,0,0,0,0,0,0,0,1,0,0,0,0,0,0,0,1,10,27,148,1363,0.45692552,0,6,29
K,2004,0,0,0,0,0,0,0,0,0,0,0,0,0,1,0,0,0,0,0,0,2,1,33,149,1537,0.065910565,0,2.5,35
K,2005,0,0,0,0,0,0,0,0,0,0,0,0,0,0,1,0,0,0,0,0,10,12,24,137,1671,0.792953764,1,17,27
K,2006,0,0,0,0,0,0,0,0,0,0,0,0,0,0,0,1,0,0,0,0,3,19,30,148,1099,0.367208032,0,12.5,32
K,2007,0,0,0,0,0,0,0,0,0,0,0,0,0,0,0,0,1,0,0,0,7,15,26,144,1630,0.438293059,1,15.5,29
K,2008,0,0,0,0,0,0,0,0,0,0,0,0,0,0,0,0,0,1,0,0,9,15,34,135,1091,0.224376775,1,17.5,37
K,2009,0,0,0,0,0,0,0,0,0,0,0,0,0,0,0,0,0,0,1,0,1,19,21,144,1876,0.193050282,0,10.5,23
K,2010,0,0,0,0,0,0,0,0,0,0,0,0,0,0,0,0,0,0,0,1,3,19,34,128,1796,0.964087684,1,13.5,37
L,1990,1,0,0,0,0,0,0,0,0,0,0,0,0,0,0,0,0,0,0,0,3,17,30,135,1747,0.393179207,1,12.5,33
L,1991,0,1,0,0,0,0,0,0,0,0,0,0,0,0,0,0,0,0,0,0,8,20,23,137,1865,0.660922215,1,19,26
L,1992,0,0,1,0,0,0,0,0,0,0,0,0,0,0,0,0,0,0,0,0,1,3,29,149,1793,0.713774691,0,2.5,31
L,1993,0,0,0,1,0,0,0,0,0,0,0,0,0,0,0,0,0,0,0,0,10,11,31,122,1072,0.246077079,1,16.5,34
L,1994,0,0,0,0,1,0,,0,0,0,0,0,0,0,0,0,0,0,0,0,6,19,20,143,1158,0.46458031,0,15.5,22
L,1995,0,0,0,0,0,1,0,0,0,0,0,0,0,0,0,0,0,0,0,0,2,13,22,138,1463,0.628762242,1,9.5,25
L,1996,0,0,0,0,0,0,1,0,0,0,0,0,0,0,0,0,0,0,0,0,9,3,34,145,1580,0.095350992,1,11.5,37
L,1997,0,0,0,0,0,0,0,1,0,0,0,0,0,0,0,0,0,0,0,0,8,14,23,138,1686,0.883258558,1,16,26
L,1998,0,0,0,0,0,0,0,0,1,0,0,0,0,0,0,0,0,0,0,0,7,13,33,142,1114,0.126266257,1,14.5,36
L,1999,0,0,0,0,0,0,0,0,0,1,0,0,0,0,0,0,0,0,0,0,3,7,22,129,1804,0.016234095,0,6.5,23
L,2000,0,0,0,0,0,0,0,0,0,0,0,0,0,0,0,0,0,0,0,0,7,2,31,149,1612,0.79025351,0,8,33
L,2001,0,0,0,0,0,0,0,0,0,0,1,0,0,0,0,0,0,0,0,0,6,5,21,141,1223,0.210308082,1,9.5,24
L,2002,0,0,0,0,0,0,0,0,0,0,0,1,0,0,0,0,0,0,0,0,2,18,24,124,1876,0.306373908,0,11,26
L,2003,0,0,0,0,0,0,0,0,0,0,0,0,1,0,0,0,0,0,0,0,8,2,38,124,1450,0.149811481,0,9,40
L,2004,0,0,0,0,0,0,0,0,0,0,0,0,0,1,0,0,0,0,0,0,1,1,20,142,1429,0.117130781,0,1.5,22
L,2005,0,0,0,0,0,0,0,0,0,0,0,0,0,0,1,0,0,0,0,0,2,18,38,139,1992,0.807237384,1,12,41
L,2006,0,0,0,0,0,0,0,0,0,0,0,0,0,0,0,1,0,0,0,0,3,20,35,147,1042,0.495573306,0,13,37
L,2007,0,0,0,0,0,0,0,0,0,0,0,0,0,0,0,0,1,0,0,0,2,4,23,147,1918,0.651345209,0,4,25
L,2008,0,0,0,0,0,0,0,0,0,0,0,0,0,0,0,0,0,1,0,0,1,20,28,150,1254,0.972413856,0,11,31
L,2009,0,0,0,0,0,0,0,0,0,0,0,0,0,0,0,0,0,0,1,0,8,5,24,120,1157,0.469700036,1,11.5,27
L,2010,0,0,0,0,0,0,0,0,0,0,0,0,0,0,0,0,0,0,0,1,1,16,34,127,1153,0.929862241,0,9,36
M,1990,1,0,0,0,0,0,0,0,0,0,0,0,0,0,0,0,0,0,0,0,5,13,30,148,1983,0.723431003,1,12.5,33
M,1991,0,1,0,0,0,0,0,0,0,0,0,0,0,0,0,0,0,0,0,0,6,1,35,126,1546,0.244003041,1,7.5,38
M,1992,0,0,1,0,0,0,0,0,0,0,0,0,0,0,0,0,0,0,0,0,6,7,22,135,1974,0.844755481,0,9.5,24
M,1993,0,0,0,1,0,0,0,0,0,0,0,0,0,0,0,0,0,0,0,0,6,7,38,128,1969,0.557099916,1,10.5,41
M,1994,0,0,0,0,1,0,,0,0,0,0,0,0,0,0,0,0,0,0,0,1,18,31,144,1334,0.013504644,0,10,33
M,1995,0,0,0,0,0,1,0,0,0,0,0,0,0,0,0,0,0,0,0,0,7,17,39,145,1269,0.621874754,1,16.5,42
M,1996,0,0,0,0,0,0,1,0,0,0,0,0,0,0,0,0,0,0,0,0,5,9,35,149,1740,0.225975255,0,9.5,37
M,1997,0,0,0,0,0,0,0,1,0,0,0,0,0,0,0,0,0,0,0,0,2,15,39,131,1037,0.020803161,1,10.5,41
M,1998,0,0,0,0,0,0,0,0,1,0,0,0,0,0,0,0,0,0,0,0,10,2,26,130,1894,0.792296482,0,11,28
M,1999,0,0,0,0,0,0,0,0,0,1,0,0,0,0,0,0,0,0,0,0,2,12,22,148,1393,0.796741796,1,9,25
M,2000,0,0,0,0,0,0,0,0,0,0,0,0,0,0,0,0,0,0,0,0,6,20,36,138,1596,0.088577371,1,17,39
M,2001,0,0,0,0,0,0,0,0,0,0,1,0,0,0,0,0,0,0,0,0,9,5,35,125,1352,0.129020917,1,12.5,38
M,2002,0,0,0,0,0,0,0,0,0,0,0,1,0,0,0,0,0,0,0,0,10,20,35,133,1144,0.457791967,1,21,38
M,2003,0,0,0,0,0,0,0,0,0,0,0,0,1,0,0,0,0,0,0,0,10,3,24,146,1040,0.460425283,1,12.5,27
M,2004,0,0,0,0,0,0,0,0,0,0,0,0,0,1,0,0,0,0,0,0,8,8,32,143,1360,0.54458868,1,13,35
M,2005,0,0,0,0,0,0,0,0,0,0,0,0,0,0,1,0,0,0,0,0,2,7,28,127,1594,0.060332172,1,6.5,30
M,2006,0,0,0,0,0,0,0,0,0,0,0,0,0,0,0,1,0,0,0,0,4,11,24,129,1185,0.950450738,0,9.5,26
M,2007,0,0,0,0,0,0,0,0,0,0,0,0,0,0,0,0,1,0,0,0,1,10,21,143,1790,0.680036035,1,7,24
M,2008,0,0,0,0,0,0,0,0,0,0,0,0,0,0,0,0,0,1,0,0,7,20,29,127,1279,0.073767877,1,18,31
M,2009,0,0,0,0,0,0,0,0,0,0,0,0,0,0,0,0,0,0,1,0,6,20,38,126,1545,0.171930319,1,17,41
M,2010,0,0,0,0,0,0,0,0,0,0,0,0,0,0,0,0,0,0,0,1,6,3,32,131,1257,0.432228513,0,7.5,34
N,1990,1,0,0,0,0,0,0,0,0,0,0,0,0,0,0,0,0,0,0,0,7,12,33,138,1780,0.788036166,0,13,35
N,1991,0,1,0,0,0,0,0,0,0,0,0,0,0,0,0,0,0,0,0,0,3,19,20,149,1880,0.457649307,0,12.5,22
N,1992,0,0,1,0,0,0,0,0,0,0,0,0,0,0,0,0,0,0,0,0,3,15,21,145,1318,0.565221742,1,11.5,24
N,1993,0,0,0,1,0,0,0,0,0,0,0,0,0,0,0,0,0,0,0,0,10,16,22,144,1932,0.441501535,1,19,25
N,1994,0,0,0,0,1,0,,0,0,0,0,0,0,0,0,0,0,0,0,0,10,16,37,125,1012,0.152755726,0,18,39
N,1995,0,0,0,0,0,1,0,0,0,0,0,0,0,0,0,0,0,0,0,0,2,4,31,125,1164,0.599167336,0,4,33
N,1996,0,0,0,0,0,0,1,0,0,0,0,0,0,0,0,0,0,0,0,0,2,10,26,130,1953,0.104424334,0,7,28
N,1997,0,0,0,0,0,0,0,1,0,0,0,0,0,0,0,0,0,0,0,0,2,4,21,136,1198,0.424630322,1,5,24
N,1998,0,0,0,0,0,0,0,0,1,0,0,0,0,0,0,0,0,0,0,0,4,8,20,149,1835,0.252014834,1,9,23
N,1999,0,0,0,0,0,0,0,0,0,1,0,0,0,0,0,0,0,0,0,0,9,1,39,137,1122,0.350865223,1,10.5,42
N,2000,0,0,0,0,0,0,0,0,0,0,0,0,0,0,0,0,0,0,0,0,1,20,31,123,1999,0.715481601,1,12,34
N,2001,0,0,0,0,0,0,0,0,0,0,1,0,0,0,0,0,0,0,0,0,2,12,27,139,1750,0.338856568,0,8,29
N,2002,0,0,0,0,0,0,0,0,0,0,0,1,0,0,0,0,0,0,0,0,2,19,20,129,1051,0.609471791,1,12.5,23
N,2003,0,0,0,0,0,0,0,0,0,0,0,0,1,0,0,0,0,0,0,0,3,17,33,145,1134,0.154526662,0,11.5,35
N,2004,0,0,0,0,0,0,0,0,0,0,0,0,0,1,0,0,0,0,0,0,2,2,24,129,1362,0.63363613,0,3,26
N,2005,0,0,0,0,0,0,0,0,0,0,0,0,0,0,1,0,0,0,0,0,4,10,37,146,1805,0.535364333,0,9,39
N,2006,0,0,0,0,0,0,0,0,0,0,0,0,0,0,0,1,0,0,0,0,2,4,34,121,1644,0.196391585,1,5,37
N,2007,0,0,0,0,0,0,0,0,0,0,0,0,0,0,0,0,1,0,0,0,3,19,33,128,1321,0.287394354,0,12.5,35
N,2008,0,0,0,0,0,0,0,0,0,0,0,0,0,0,0,0,0,1,0,0,9,20,40,137,1252,0.849224031,0,19,42
N,2009,0,0,0,0,0,0,0,0,0,0,0,0,0,0,0,0,0,0,1,0,4,19,39,138,1948,0.582895121,0,13.5,41
N,2010,0,0,0,0,0,0,0,0,0,0,0,0,0,0,0,0,0,0,0,1,2,2,39,128,1729,0.745230102,0,3,41
O,1990,1,0,0,0,0,0,0,0,0,0,0,0,0,0,0,0,0,0,0,0,3,19,39,135,1159,0.006426058,0,12.5,40
O,1991,0,1,0,0,0,0,0,0,0,0,0,0,0,0,0,0,0,0,0,0,8,10,24,143,1862,0.551874674,1,14,27
O,1992,0,0,1,0,0,0,0,0,0,0,0,0,0,0,0,0,0,0,0,0,4,7,28,124,1726,0.304798565,1,8.5,31
O,1993,0,0,0,1,0,0,0,0,0,0,0,0,0,0,0,0,0,0,0,0,9,20,29,149,1898,0.533784969,1,20,32
O,1994,0,0,0,0,1,0,,0,0,0,0,0,0,0,0,0,0,0,0,0,9,6,30,136,1216,0.153181289,0,12,32
O,1995,0,0,0,0,0,1,0,0,0,0,0,0,0,0,0,0,0,0,0,0,9,13,21,149,1831,0.245533619,1,16.5,24
O,1996,0,0,0,0,0,0,1,0,0,0,0,0,0,0,0,0,0,0,0,0,3,19,27,150,1445,0.075652851,0,12.5,29
O,1997,0,0,0,0,0,0,0,1,0,0,0,0,0,0,0,0,0,0,0,0,6,19,21,142,1254,0.527582983,1,16.5,24
O,1998,0,0,0,0,0,0,0,0,1,0,0,0,0,0,0,0,0,0,0,0,9,19,37,147,1800,0.998055093,1,19.5,41
O,1999,0,0,0,0,0,0,0,0,0,1,0,0,0,0,0,0,0,0,0,0,6,20,26,142,1283,0.038584355,1,17,29
O,2000,0,0,0,0,0,0,0,0,0,0,0,0,0,0,0,0,0,0,0,0,8,13,25,123,1754,0.722161746,0,14.5,27
O,2001,0,0,0,0,0,0,0,0,0,0,1,0,0,0,0,0,0,0,0,0,10,3,30,135,1099,0.804002179,0,11.5,32
O,2002,0,0,0,0,0,0,0,0,0,0,0,1,0,0,0,0,0,0,0,0,10,2,21,146,1657,0.011015434,1,12,24
O,2003,0,0,0,0,0,0,0,0,0,0,0,0,1,0,0,0,0,0,0,0,2,15,24,124,1468,0.447830854,1,10.5,27
O,2004,0,0,0,0,0,0,0,0,0,0,0,0,0,1,0,0,0,0,0,0,10,9,24,149,1545,0.869757577,1,15.5,28
O,2005,0,0,0,0,0,0,0,0,0,0,0,0,0,0,1,0,0,0,0,0,8,3,24,125,1322,0.930958399,1,10.5,27
O,2006,0,0,0,0,0,0,0,0,0,0,0,0,0,0,0,1,0,0,0,0,1,15,26,139,1614,0.458613763,0,8.5,28
O,2007,0,0,0,0,0,0,0,0,0,0,0,0,0,0,0,0,1,0,0,0,3,1,39,129,1419,0.302617694,1,4.5,42
O,2008,0,0,0,0,0,0,0,0,0,0,0,0,0,0,0,0,0,1,0,0,2,20,35,129,1423,0.299025086,0,12,37
O,2009,0,0,0,0,0,0,0,0,0,0,0,0,0,0,0,0,0,0,1,0,9,11,30,130,1985,0.098939712,1,15.5,33
O,2010,0,0,0,0,0,0,0,0,0,0,0,0,0,0,0,0,0,0,0,1,2,20,40,139,1395,0.430505854,1,13,43
P,1990,1,0,0,0,0,0,0,0,0,0,0,0,0,0,0,0,0,0,0,0,1,1,38,149,1109,0.618059304,1,2.5,41
P,1991,0,1,0,0,0,0,0,0,0,0,0,0,0,0,0,0,0,0,0,0,7,1,30,149,1169,0.50864857,0,7.5,32
P,1992,0,0,1,0,0,0,0,0,0,0,0,0,0,0,0,0,0,0,0,0,9,14,20,135,1892,0.52119869,1,17,23
P,1993,0,0,0,1,0,0,0,0,0,0,0,0,0,0,0,0,0,0,0,0,3,5,23,141,1410,0.210395763,0,5.5,25
P,1994,0,0,0,0,1,0,,0,0,0,0,0,0,0,0,0,0,0,0,0,7,1,34,128,1874,0.678079239,0,7.5,36
P,1995,0,0,0,0,0,1,0,0,0,0,0,0,0,0,0,0,0,0,0,0,9,8,23,149,1889,0.744811118,1,14,26
P,1996,0,0,0,0,0,0,1,0,0,0,0,0,0,0,0,0,0,0,0,0,9,20,29,135,1860,0.360712969,0,19,31
P,1997,0,0,0,0,0,0,0,1,0,0,0,0,0,0,0,0,0,0,0,0,7,12,23,131,1378,0.418989313,0,13,25
P,1998,0,0,0,0,0,0,0,0,1,0,0,0,0,0,0,0,0,0,0,0,1,13,26,130,1951,0.006314563,0,7.5,28
P,1999,0,0,0,0,0,0,0,0,0,1,0,0,0,0,0,0,0,0,0,0,8,1,37,124,1198,0.301014334,1,9.5,40
P,2000,0,0,0,0,0,0,0,0,0,0,0,0,0,0,0,0,0,0,0,0,5,15,27,147,1944,0.232561781,0,12.5,29
P,2001,0,0,0,0,0,0,0,0,0,0,1,0,0,0,0,0,0,0,0,0,10,10,20,135,1034,0.939131241,0,15,22
P,2002,0,0,0,0,0,0,0,0,0,0,0,1,0,0,0,0,0,0,0,0,9,7,30,146,1224,0.793563833,0,12.5,32
P,2003,0,0,0,0,0,0,0,0,0,0,0,0,1,0,0,0,0,0,0,0,10,20,26,137,1021,0.475433057,1,21,29
P,2004,0,0,0,0,0,0,0,0,0,0,0,0,0,1,0,0,0,0,0,0,3,14,25,122,1352,0.201035943,0,10,27
P,2005,0,0,0,0,0,0,0,0,0,0,0,0,0,0,1,0,0,0,0,0,9,14,22,139,1551,0.412687038,0,16,24
P,2006,0,0,0,0,0,0,0,0,0,0,0,0,0,0,0,1,0,0,0,0,3,17,39,121,1759,0.764657346,1,12.5,42
P,2007,0,0,0,0,0,0,0,0,0,0,0,0,0,0,0,0,1,0,0,0,5,5,22,144,1596,0.886714426,1,8.5,25
P,2008,0,0,0,0,0,0,0,0,0,0,0,0,0,0,0,0,0,1,0,0,5,20,29,135,1319,0.557396893,0,15,31
P,2009,0,0,0,0,0,0,0,0,0,0,0,0,0,0,0,0,0,0,1,0,8,2,38,144,1317,0.291064092,1,10,41
P,2010,0,0,0,0,0,0,0,0,0,0,0,0,0,0,0,0,0,0,0,1,8,10,23,146,1154,0.020537576,1,14,26
Q,1990,1,0,0,0,0,0,0,0,0,0,0,0,0,0,0,0,0,0,0,0,8,17,23,136,1043,0.1625165,1,17.5,26
Q,1991,0,1,0,0,0,0,0,0,0,0,0,0,0,0,0,0,0,0,0,0,7,3,38,124,1096,0.364461266,1,9.5,41
Q,1992,0,0,1,0,0,0,0,0,0,0,0,0,0,0,0,0,0,0,0,0,8,16,23,135,1200,0.946765064,1,17,26
Q,1993,0,0,0,1,0,0,0,0,0,0,0,0,0,0,0,0,0,0,0,0,4,6,38,124,1754,0.553124833,1,8,41
Q,1994,0,0,0,0,1,0,,0,0,0,0,0,0,0,0,0,0,0,0,0,4,10,28,123,1009,0.434623449,1,10,31
Q,1995,0,0,0,0,0,1,0,0,0,0,0,0,0,0,0,0,0,0,0,0,4,6,25,143,1510,0.933219656,0,7,28
Q,1996,0,0,0,0,0,0,1,0,0,0,0,0,0,0,0,0,0,0,0,0,10,17,40,143,1317,0.52647276,1,19.5,43
Q,1997,0,0,0,0,0,0,0,1,0,0,0,0,0,0,0,0,0,0,0,0,7,18,21,131,1375,0.52351142,1,17,24
Q,1998,0,0,0,0,0,0,0,0,1,0,0,0,0,0,0,0,0,0,0,0,1,3,40,134,1831,0.776016827,0,2.5,42
Q,1999,0,0,0,0,0,0,0,0,0,1,0,0,0,0,0,0,0,0,0,0,3,9,35,123,1367,0.257467122,0,7.5,37
Q,2000,0,0,0,0,0,0,0,0,0,0,0,0,0,0,0,0,0,0,0,0,10,17,31,147,1214,0.389280619,0,18.5,33
Q,2001,0,0,0,0,0,0,0,0,0,0,1,0,0,0,0,0,0,0,0,0,9,8,21,134,1335,0.629038751,1,14,24
Q,2002,0,0,0,0,0,0,0,0,0,0,0,1,0,0,0,0,0,0,0,0,9,13,22,141,1039,0.217152476,0,15.5,24
Q,2003,0,0,0,0,0,0,0,0,0,0,0,0,1,0,0,0,0,0,0,0,1,10,34,138,1885,0.954170818,1,7,38
Q,2004,0,0,0,0,0,0,0,0,0,0,0,0,0,1,0,0,0,0,0,0,9,16,33,149,1028,0.971369727,0,17,36
Q,2005,0,0,0,0,0,0,0,0,0,0,0,0,0,0,1,0,0,0,0,0,6,19,37,123,1084,0.969734807,1,16.5,40
Q,2006,0,0,0,0,0,0,0,0,0,0,0,0,0,0,0,1,0,0,0,0,7,10,39,145,1039,0.464340704,1,13,42
Q,2007,0,0,0,0,0,0,0,0,0,0,0,0,0,0,0,0,1,0,0,0,3,17,39,143,1117,0.886947218,1,12.5,42
Q,2008,0,0,0,0,0,0,0,0,0,0,0,0,0,0,0,0,0,1,0,0,8,18,22,144,1225,0.531968503,0,17,24
Q,2009,0,0,0,0,0,0,0,0,0,0,0,0,0,0,0,0,0,0,1,0,7,4,22,140,1288,0.584923593,0,9,24
Q,2010,0,0,0,0,0,0,0,0,0,0,0,0,0,0,0,0,0,0,0,1,4,7,35,134,1098,0.823133273,1,8.5,38
R,1990,1,0,0,0,0,0,0,0,0,0,0,0,0,0,0,0,0,0,0,0,1,10,20,147,1051,0.591396157,1,7,23
R,1991,0,1,0,0,0,0,0,0,0,0,0,0,0,0,0,0,0,0,0,0,8,17,21,129,1212,0.970273945,1,17.5,24
R,1992,0,0,1,0,0,0,0,0,0,0,0,0,0,0,0,0,0,0,0,0,9,16,28,145,1951,0.459643348,1,18,31
R,1993,0,0,0,1,0,0,0,0,0,0,0,0,0,0,0,0,0,0,0,0,10,1,40,136,1382,0.555314732,0,10.5,42
R,1994,0,0,0,0,1,0,,0,0,0,0,0,0,0,0,0,0,0,0,0,4,13,25,127,1607,0.128645101,1,11.5,28
R,1995,0,0,0,0,0,1,0,0,0,0,0,0,0,0,0,0,0,0,0,0,5,14,24,134,1890,0.968866072,0,12,26
R,1996,0,0,0,0,0,0,1,0,0,0,0,0,0,0,0,0,0,0,0,0,1,6,25,121,1530,0.809503841,0,4,27
R,1997,0,0,0,0,0,0,0,1,0,0,0,0,0,0,0,0,0,0,0,0,5,9,37,123,1956,0.897996112,0,9.5,39
R,1998,0,0,0,0,0,0,0,0,1,0,0,0,0,0,0,0,0,0,0,0,3,16,38,140,1376,0.424854142,1,12,41
R,1999,0,0,0,0,0,0,0,0,0,1,0,0,0,0,0,0,0,0,0,0,7,8,21,149,1926,0.293787827,0,11,23
R,2000,0,0,0,0,0,0,0,0,0,0,0,0,0,0,0,0,0,0,0,0,9,7,34,129,1654,0.131084167,1,13.5,37
R,2001,0,0,0,0,0,0,0,0,0,0,1,0,0,0,0,0,0,0,0,0,9,7,28,143,1388,0.409045192,1,13.5,31
R,2002,0,0,0,0,0,0,0,0,0,0,0,1,0,0,0,0,0,0,0,0,7,10,38,121,1801,0.052658321,1,13,40
R,2003,0,0,0,0,0,0,0,0,0,0,0,0,1,0,0,0,0,0,0,0,4,16,35,134,1617,0.29366741,1,13,38
R,2004,0,0,0,0,0,0,0,0,0,0,0,0,0,1,0,0,0,0,0,0,6,12,21,121,1571,0.996414463,1,13,24
R,2005,0,0,0,0,0,0,0,0,0,0,0,0,0,0,1,0,0,0,0,0,2,6,39,128,1430,0.086928529,1,6,42
R,2006,0,0,0,0,0,0,0,0,0,0,0,0,0,0,0,1,0,0,0,0,5,6,21,149,1539,0.114672724,0,8,23
R,2007,0,0,0,0,0,0,0,0,0,0,0,0,0,0,0,0,1,0,0,0,6,15,23,135,1212,0.923268142,0,13.5,25
R,2008,0,0,0,0,0,0,0,0,0,0,0,0,0,0,0,0,0,1,0,0,7,13,22,121,1228,0.839866572,1,14.5,25
R,2009,0,0,0,0,0,0,0,0,0,0,0,0,0,0,0,0,0,0,1,0,5,20,21,122,1047,0.432864479,1,16,24
R,2010,0,0,0,0,0,0,0,0,0,0,0,0,0,0,0,0,0,0,0,1,3,1,26,137,1466,0.527582963,1,4.5,29
S,1990,1,0,0,0,0,0,0,0,0,0,0,0,0,0,0,0,0,0,0,0,4,13,24,127,1484,0.738036072,0,10.5,26
S,1991,0,1,0,0,0,0,0,0,0,0,0,0,0,0,0,0,0,0,0,0,4,5,37,130,1420,0.395410799,0,6.5,39
S,1992,0,0,1,0,0,0,0,0,0,0,0,0,0,0,0,0,0,0,0,0,4,18,32,145,1472,0.555467147,1,14,35
S,1993,0,0,0,1,0,0,0,0,0,0,0,0,0,0,0,0,0,0,0,0,10,17,38,129,1780,0.929406777,0,18.5,40
S,1994,0,0,0,0,1,0,,0,0,0,0,0,0,0,0,0,0,0,0,0,1,14,39,137,1634,0.422484332,1,9,42
S,1995,0,0,0,0,0,1,0,0,0,0,0,0,0,0,0,0,0,0,0,0,1,16,34,128,1303,0.648679039,1,10,37
S,1996,0,0,0,0,0,0,1,0,0,0,0,0,0,0,0,0,0,0,0,0,7,14,36,146,1597,0.455487152,1,15,39
S,1997,0,0,0,0,0,0,0,1,0,0,0,0,0,0,0,0,0,0,0,0,10,2,29,148,1314,0.454402571,1,12,32
S,1998,0,0,0,0,0,0,0,0,1,0,0,0,0,0,0,0,0,0,0,0,6,18,32,141,1803,0.395045171,0,15,34
S,1999,0,0,0,0,0,0,0,0,0,1,0,0,0,0,0,0,0,0,0,0,6,13,30,140,1219,0.329127689,0,12.5,32
S,2000,0,0,0,0,0,0,0,0,0,0,0,0,0,0,0,0,0,0,0,0,5,11,38,120,1213,0.584185689,1,11.5,41
S,2001,0,0,0,0,0,0,0,0,0,0,1,0,0,0,0,0,0,0,0,0,8,16,24,138,1253,0.810030417,0,16,26
S,2002,0,0,0,0,0,0,0,0,0,0,0,1,0,0,0,0,0,0,0,0,9,15,37,147,1463,0.29078364,1,17.5,40
S,2003,0,0,0,0,0,0,0,0,0,0,0,0,1,0,0,0,0,0,0,0,3,18,22,145,1561,0.540170233,0,12,24
S,2004,0,0,0,0,0,0,0,0,0,0,0,0,0,1,0,0,0,0,0,0,2,6,40,137,1908,0.960629077,0,5,43
S,2005,0,0,0,0,0,0,0,0,0,0,0,0,0,0,1,0,0,0,0,0,7,5,30,122,1724,0.890449092,1,10.5,33
S,2006,0,0,0,0,0,0,0,0,0,0,0,0,0,0,0,1,0,0,0,0,3,9,37,128,1168,0.127795468,1,8.5,40
S,2007,0,0,0,0,0,0,0,0,0,0,0,0,0,0,0,0,1,0,0,0,8,9,40,140,1054,0.457337703,0,12.5,42
S,2008,0,0,0,0,0,0,0,0,0,0,0,0,0,0,0,0,0,1,0,0,9,17,30,134,1318,0.289729521,0,17.5,32
S,2009,0,0,0,0,0,0,0,0,0,0,0,0,0,0,0,0,0,0,1,0,7,9,30,125,1541,0.599828332,0,11.5,32
S,2010,0,0,0,0,0,0,0,0,0,0,0,0,0,0,0,0,0,0,0,1,3,1,39,150,1544,0.862467343,1,4.5,43
T,1990,1,0,0,0,0,0,0,0,0,0,0,0,0,0,0,0,0,0,0,0,5,10,37,147,1896,0.340739404,1,11,40
T,1991,0,1,0,0,0,0,0,0,0,0,0,0,0,0,0,0,0,0,0,0,8,10,23,139,1052,0.301052004,0,13,25
T,1992,0,0,1,0,0,0,0,0,0,0,0,0,0,0,0,0,0,0,0,0,3,11,39,148,1870,0.29920953,1,9.5,42
T,1993,0,0,0,1,0,0,0,0,0,0,0,0,0,0,0,0,0,0,0,0,10,6,38,143,1261,0.336875891,0,13,40
T,1994,0,0,0,0,1,0,,0,0,0,0,0,0,0,0,0,0,0,0,0,5,7,26,148,1604,0.65307764,0,8.5,28
T,1995,0,0,0,0,0,1,0,0,0,0,0,0,0,0,0,0,0,0,0,0,1,6,30,129,1687,0.584507851,1,5,33
T,1996,0,0,0,0,0,0,1,0,0,0,0,0,0,0,0,0,0,0,0,0,10,14,33,145,1013,0.521084389,1,18,36
T,1997,0,0,0,0,0,0,0,1,0,0,0,0,0,0,0,0,0,0,0,0,3,12,32,123,1408,0.541944571,0,9,34
T,1998,0,0,0,0,0,0,0,0,1,0,0,0,0,0,0,0,0,0,0,0,9,8,21,120,1608,0.701053667,1,14,24
T,1999,0,0,0,0,0,0,0,0,0,1,0,0,0,0,0,0,0,0,0,0,7,12,40,137,1200,0.840741644,0,13,42
T,2000,0,0,0,0,0,0,0,0,0,0,0,0,0,0,0,0,0,0,0,0,4,16,37,123,1121,0.832594679,0,12,39
T,2001,0,0,0,0,0,0,0,0,0,0,1,0,0,0,0,0,0,0,0,0,5,14,35,124,1852,0.794097752,0,12,37
T,2002,0,0,0,0,0,0,0,0,0,0,0,1,0,0,0,0,0,0,0,0,7,6,34,149,1909,0.025030977,0,10,36
T,2003,0,0,0,0,0,0,0,0,0,0,0,0,1,0,0,0,0,0,0,0,10,15,40,126,1299,0.062944646,0,17.5,41
T,2004,0,0,0,0,0,0,0,0,0,0,0,0,0,1,0,0,0,0,0,0,2,11,24,124,1844,0.58078072,0,7.5,26
T,2005,0,0,0,0,0,0,0,0,0,0,0,0,0,0,1,0,0,0,0,0,4,17,31,141,1205,0.3847586,0,12.5,33
T,2006,0,0,0,0,0,0,0,0,0,0,0,0,0,0,0,1,0,0,0,0,4,5,37,129,1725,0.037858612,0,6.5,39
T,2007,0,0,0,0,0,0,0,0,0,0,0,0,0,0,0,0,1,0,0,0,2,9,24,138,1722,0.345758307,1,7.5,27
T,2008,0,0,0,0,0,0,0,0,0,0,0,0,0,0,0,0,0,1,0,0,4,19,24,137,1746,0.871858704,0,13.5,26
T,2009,0,0,0,0,0,0,0,0,0,0,0,0,0,0,0,0,0,0,1,0,8,4,30,148,1218,0.897913574,1,11,33
T,2010,0,0,0,0,0,0,0,0,0,0,0,0,0,0,0,0,0,0,0,1,1,16,27,128,1464,0.586510116,1,10,30
U,1990,1,0,0,0,0,0,0,0,0,0,0,0,0,0,0,0,0,0,0,0,10,12,21,143,1048,0.921062601,0,16,23
U,1991,0,1,0,0,0,0,0,0,0,0,0,0,0,0,0,0,0,0,0,0,5,7,22,127,1757,0.409491734,0,8.5,24
U,1992,0,0,1,0,0,0,0,0,0,0,0,0,0,0,0,0,0,0,0,0,2,3,38,139,1653,0.219636562,0,3.5,40
U,1993,0,0,0,1,0,0,0,0,0,0,0,0,0,0,0,0,0,0,0,0,1,5,21,123,1783,0.674664112,1,4.5,24
U,1994,0,0,0,0,1,0,,0,0,0,0,0,0,0,0,0,0,0,0,0,6,5,26,140,1034,0.885097478,0,8.5,28
U,1995,0,0,0,0,0,1,0,0,0,0,0,0,0,0,0,0,0,0,0,0,5,16,31,127,1542,0.966037838,1,14,34
U,1996,0,0,0,0,0,0,1,0,0,0,0,0,0,0,0,0,0,0,0,0,10,10,29,126,1790,0.987900366,1,16,32
U,1997,0,0,0,0,0,0,0,1,0,0,0,0,0,0,0,0,0,0,0,0,1,11,29,142,1828,0.734629998,1,7.5,32
U,1998,0,0,0,0,0,0,0,0,1,0,0,0,0,0,0,0,0,0,0,0,2,6,34,136,1520,0.50806903,1,6,37
U,1999,0,0,0,0,0,0,0,0,0,1,0,0,0,0,0,0,0,0,0,0,4,8,40,145,1880,0.182108834,0,8,42
U,2000,0,0,0,0,0,0,0,0,0,0,0,0,0,0,0,0,0,0,0,0,3,9,34,145,1231,0.29419776,0,7.5,36
U,2001,0,0,0,0,0,0,0,0,0,0,1,0,0,0,0,0,0,0,0,0,6,13,25,144,1334,0.693577289,0,12.5,27
U,2002,0,0,0,0,0,0,0,0,0,0,0,1,0,0,0,0,0,0,0,0,4,12,40,141,1684,0.387502501,1,11,43
U,2003,0,0,0,0,0,0,0,0,0,0,0,0,1,0,0,0,0,0,0,0,5,7,20,145,1812,0.057059035,1,9.5,23
U,2004,0,0,0,0,0,0,0,0,0,0,0,0,0,1,0,0,0,0,0,0,9,20,32,135,1269,0.820165999,0,19,34
U,2005,0,0,0,0,0,0,0,0,0,0,0,0,0,0,1,0,0,0,0,0,3,19,38,139,1319,0.878670277,1,13.5,41
U,2006,0,0,0,0,0,0,0,0,0,0,0,0,0,0,0,1,0,0,0,0,3,18,38,135,1532,0.70598553,0,12,40
U,2007,0,0,0,0,0,0,0,0,0,0,0,0,0,0,0,0,1,0,0,0,2,13,37,128,1829,0.973160466,0,8.5,39
U,2008,0,0,0,0,0,0,0,0,0,0,0,0,0,0,0,0,0,1,0,0,9,17,36,141,1370,0.108925339,0,17.5,38
U,2009,0,0,0,0,0,0,0,0,0,0,0,0,0,0,0,0,0,0,1,0,6,16,38,146,1887,0.898915386,1,15,42
U,2010,0,0,0,0,0,0,0,0,0,0,0,0,0,0,0,0,0,0,0,1,9,16,25,144,1457,0.433121681,1,18,28
V,1990,1,0,0,0,0,0,0,0,0,0,0,0,0,0,0,0,0,0,0,0,6,11,28,125,1447,0.285570448,0,11.5,30
V,1991,0,1,0,0,0,0,0,0,0,0,0,0,0,0,0,0,0,0,0,0,6,15,27,150,1453,0.396762048,0,13.5,29
V,1992,0,0,1,0,0,0,0,0,0,0,0,0,0,0,0,0,0,0,0,0,2,13,23,148,1416,0.38593442,1,9.5,26
V,1993,0,0,0,1,0,0,0,0,0,0,0,0,0,0,0,0,0,0,0,0,1,14,34,125,1519,0.936609589,1,9,37
V,1994,0,0,0,0,1,0,,0,0,0,0,0,0,0,0,0,0,0,0,0,9,19,33,125,1247,0.523549634,1,19.5,36
V,1995,0,0,0,0,0,1,0,0,0,0,0,0,0,0,0,0,0,0,0,0,4,9,38,149,1455,0.188011698,0,8.5,40
V,1996,0,0,0,0,0,0,1,0,0,0,0,0,0,0,0,0,0,0,0,0,4,18,40,122,1271,0.117948708,0,13,41
V,1997,0,0,0,0,0,0,0,1,0,0,0,0,0,0,0,0,0,0,0,0,8,13,38,147,1421,0.967174322,0,14.5,41
V,1998,0,0,0,0,0,0,0,0,1,0,0,0,0,0,0,0,0,0,0,0,7,14,25,140,1236,0.582901212,0,14,27
V,1999,0,0,0,0,0,0,0,0,0,1,0,0,0,0,0,0,0,0,0,0,8,20,36,120,1788,0.912370815,1,19,39
V,2000,0,0,0,0,0,0,0,0,0,0,0,0,0,0,0,0,0,0,0,0,1,13,34,130,1330,0.107864113,0,7.5,36
V,2001,0,0,0,0,0,0,0,0,0,0,1,0,0,0,0,0,0,0,0,0,7,7,38,146,1689,0.173472719,1,11.5,41
V,2002,0,0,0,0,0,0,0,0,0,0,0,1,0,0,0,0,0,0,0,0,9,12,36,130,1870,0.674124705,1,16,39
V,2003,0,0,0,0,0,0,0,0,0,0,0,0,1,0,0,0,0,0,0,0,1,17,20,147,1562,0.465828765,1,10.5,23
V,2004,0,0,0,0,0,0,0,0,0,0,0,0,0,1,0,0,0,0,0,0,8,18,35,135,1254,0.976723562,0,17,37
V,2005,0,0,0,0,0,0,0,0,0,0,0,0,0,0,1,0,0,0,0,0,8,9,35,130,1421,0.769064848,0,12.5,37
V,2006,0,0,0,0,0,0,0,0,0,0,0,0,0,0,0,1,0,0,0,0,5,15,24,121,1190,0.507766292,1,13.5,27
V,2007,0,0,0,0,0,0,0,0,0,0,0,0,0,0,0,0,1,0,0,0,5,3,33,137,1805,0.088413611,0,6.5,35
V,2008,0,0,0,0,0,0,0,0,0,0,0,0,0,0,0,0,0,1,0,0,5,7,35,131,1595,0.011770563,0,8.5,36
V,2009,0,0,0,0,0,0,0,0,0,0,0,0,0,0,0,0,0,0,1,0,6,19,28,128,1669,0.088119644,1,16.5,31
V,2010,0,0,0,0,0,0,0,0,0,0,0,0,0,0,0,0,0,0,0,1,2,18,33,133,1735,0.31658599,1,12,36
W,1990,1,0,0,0,0,0,0,0,0,0,0,0,0,0,0,0,0,0,0,0,4,3,20,136,1057,0.848672784,1,6.5,23
W,1991,0,1,0,0,0,0,0,0,0,0,0,0,0,0,0,0,0,0,0,0,1,20,26,144,1359,0.364013342,0,11,28
W,1992,0,0,1,0,0,0,0,0,0,0,0,0,0,0,0,0,0,0,0,0,9,12,21,124,1012,0.158524324,1,16,23
W,1993,0,0,0,1,0,0,0,0,0,0,0,0,0,0,0,0,0,0,0,0,9,2,32,140,1647,0.50381016,0,10,34
W,1994,0,0,0,0,1,0,,0,0,0,0,0,0,0,0,0,0,0,0,0,5,6,30,147,1635,0.656446976,1,9,33
W,1995,0,0,0,0,0,1,0,0,0,0,0,0,0,0,0,0,0,0,0,0,10,7,21,133,1554,0.965217211,1,14.5,24
W,1996,0,0,0,0,0,0,1,0,0,0,0,0,0,0,0,0,0,0,0,0,6,6,27,121,1635,0.669200749,0,9,29
W,1997,0,0,0,0,0,0,0,1,0,0,0,0,0,0,0,0,0,0,0,0,4,3,36,137,1301,0.976882481,1,6.5,39
W,1998,0,0,0,0,0,0,0,0,1,0,0,0,0,0,0,0,0,0,0,0,7,3,24,122,1905,0.784950029,1,9.5,27
W,1999,0,0,0,0,0,0,0,0,0,1,0,0,0,0,0,0,0,0,0,0,2,1,27,150,1704,0.544876307,1,3.5,30
W,2000,0,0,0,0,0,0,0,0,0,0,0,0,0,0,0,0,0,0,0,0,2,16,24,139,1433,0.635299772,0,10,26
W,2001,0,0,0,0,0,0,0,0,0,0,1,0,0,0,0,0,0,0,0,0,7,8,32,121,1855,0.518141931,0,11,34
W,2002,0,0,0,0,0,0,0,0,0,0,0,1,0,0,0,0,0,0,0,0,4,15,25,140,1088,0.795386471,0,11.5,27
W,2003,0,0,0,0,0,0,0,0,0,0,0,0,1,0,0,0,0,0,0,0,4,4,26,122,1232,0.156039978,0,6,27
W,2004,0,0,0,0,0,0,0,0,0,0,0,0,0,1,0,0,0,0,0,0,3,18,26,125,1363,0.199334849,1,13,29
W,2005,0,0,0,0,0,0,0,0,0,0,0,0,0,0,1,0,0,0,0,0,6,6,32,134,1319,0.57194378,1,10,35
W,2006,0,0,0,0,0,0,0,0,0,0,0,0,0,0,0,1,0,0,0,0,1,9,28,145,1426,0.08649215,0,5.5,30
W,2007,0,0,0,0,0,0,0,0,0,0,0,0,0,0,0,0,1,0,0,0,10,17,23,136,1863,0.888477863,1,19.5,26
W,2008,0,0,0,0,0,0,0,0,0,0,0,0,0,0,0,0,0,1,0,0,2,1,22,130,1646,0.47286434,1,3.5,25
W,2009,0,0,0,0,0,0,0,0,0,0,0,0,0,0,0,0,0,0,1,0,7,1,20,121,1030,0.305506224,1,8.5,23
W,2010,0,0,0,0,0,0,0,0,0,0,0,0,0,0,0,0,0,0,0,1,1,13,35,127,1340,0.850700383,1,8.5,38
X,1990,1,0,0,0,0,0,0,0,0,0,0,0,0,0,0,0,0,0,0,0,9,10,36,139,1634,0.994331373,1,15,40
X,1991,0,1,0,0,0,0,0,0,0,0,0,0,0,0,0,0,0,0,0,0,3,13,40,127,1666,0.344471289,1,10.5,43
X,1992,0,0,1,0,0,0,0,0,0,0,0,0,0,0,0,0,0,0,0,0,1,17,35,145,1570,0.816341048,1,10.5,38
X,1993,0,0,0,1,0,0,0,0,0,0,0,0,0,0,0,0,0,0,0,0,6,17,29,148,1125,0.913277638,0,14.5,32
X,1994,0,0,0,0,1,0,,0,0,0,0,0,0,0,0,0,0,0,0,0,3,14,32,143,1042,0.17550408,1,11,35
X,1995,0,0,0,0,0,1,0,0,0,0,0,0,0,0,0,0,0,0,0,0,4,8,28,122,1473,0.490161591,1,9,31
X,1996,0,0,0,0,0,0,1,0,0,0,0,0,0,0,0,0,0,0,0,0,4,7,37,142,1515,0.531239602,0,7.5,39
X,1997,0,0,0,0,0,0,0,1,0,0,0,0,0,0,0,0,0,0,0,0,9,4,28,145,1863,0.842475068,0,11,30
X,1998,0,0,0,0,0,0,0,0,1,0,0,0,0,0,0,0,0,0,0,0,8,14,22,121,1260,0.034175051,0,15,23
X,1999,0,0,0,0,0,0,0,0,0,1,0,0,0,0,0,0,0,0,0,0,8,20,37,140,1979,0.90573497,1,19,41
X,2000,0,0,0,0,0,0,0,0,0,0,0,0,0,0,0,0,0,0,0,0,7,7,29,148,1085,0.267805591,0,10.5,31
X,2001,0,0,0,0,0,0,0,0,0,0,1,0,0,0,0,0,0,0,0,0,3,10,24,122,1720,0.093875955,1,9,26
X,2002,0,0,0,0,0,0,0,0,0,0,0,1,0,0,0,0,0,0,0,0,2,17,29,124,1994,0.214101315,1,11.5,32
X,2003,0,0,0,0,0,0,0,0,0,0,0,0,1,0,0,0,0,0,0,0,2,8,25,137,1424,0.50011346,1,7,28
X,2004,0,0,0,0,0,0,0,0,0,0,0,0,0,1,0,0,0,0,0,0,9,19,27,136,1280,0.472721559,0,18.5,29
X,2005,0,0,0,0,0,0,0,0,0,0,0,0,0,0,1,0,0,0,0,0,4,12,26,122,1388,0.077705434,0,10,27
X,2006,0,0,0,0,0,0,0,0,0,0,0,0,0,0,0,1,0,0,0,0,1,2,24,148,1335,0.054498457,1,3,27
X,2007,0,0,0,0,0,0,0,0,0,0,0,0,0,0,0,0,1,0,0,0,5,19,23,123,1824,0.074132056,1,15.5,25
X,2008,0,0,0,0,0,0,0,0,0,0,0,0,0,0,0,0,0,1,0,0,3,9,33,130,1984,0.596847145,1,8.5,36
X,2009,0,0,0,0,0,0,0,0,0,0,0,0,0,0,0,0,0,0,1,0,7,20,35,139,1498,0.737958508,1,18,38
X,2010,0,0,0,0,0,0,0,0,0,0,0,0,0,0,0,0,0,0,0,1,4,3,32,141,1569,0.95128788,1,6.5,36
Y,1990,1,0,0,0,0,0,0,0,0,0,0,0,0,0,0,0,0,0,0,0,9,11,26,136,1638,0.691725041,1,15.5,29
Y,1991,0,1,0,0,0,0,0,0,0,0,0,0,0,0,0,0,0,0,0,0,3,14,34,125,1448,0.172975185,1,11,37
Y,1992,0,0,1,0,0,0,0,0,0,0,0,0,0,0,0,0,0,0,0,0,2,5,31,140,1781,0.740844414,1,5.5,34
Y,1993,0,0,0,1,0,0,0,0,0,0,0,0,0,0,0,0,0,0,0,0,4,15,27,145,1418,0.244345613,1,12.5,30
Y,1994,0,0,0,0,1,0,,0,0,0,0,0,0,0,0,0,0,0,0,0,10,19,22,120,1704,0.65744057,0,19.5,24
Y,1995,0,0,0,0,0,1,0,0,0,0,0,0,0,0,0,0,0,0,0,0,8,9,38,121,1976,0.717230225,0,12.5,40
Y,1996,0,0,0,0,0,0,1,0,0,0,0,0,0,0,0,0,0,0,0,0,10,17,21,143,1968,0.923595979,0,18.5,24
Y,1997,0,0,0,0,0,0,0,1,0,0,0,0,0,0,0,0,0,0,0,0,9,2,22,123,1679,0.729698848,1,11,25
Y,1998,0,0,0,0,0,0,0,0,1,0,0,0,0,0,0,0,0,0,0,0,5,1,28,130,1948,0.567233855,1,6.5,31
Y,1999,0,0,0,0,0,0,0,0,0,1,0,0,0,0,0,0,0,0,0,0,2,3,40,124,1700,0.715328756,0,3.5,42
Y,2000,0,0,0,0,0,0,0,0,0,0,0,0,0,0,0,0,0,0,0,0,6,6,31,129,1219,0.557270928,0,9,33
Y,2001,0,0,0,0,0,0,0,0,0,0,1,0,0,0,0,0,0,0,0,0,10,17,22,144,1097,0.062241899,0,18.5,24
Y,2002,0,0,0,0,0,0,0,0,0,0,0,1,0,0,0,0,0,0,0,0,1,15,39,140,1716,0.918131489,1,9.5,42
Y,2003,0,0,0,0,0,0,0,0,0,0,0,0,1,0,0,0,0,0,0,0,4,1,37,125,1791,0.765951705,0,4.5,39
Y,2004,0,0,0,0,0,0,0,0,0,0,0,0,0,1,0,0,0,0,0,0,1,7,21,140,1603,0.795658544,1,5.5,24
Y,2005,0,0,0,0,0,0,0,0,0,0,0,0,0,0,1,0,0,0,0,0,9,6,38,122,1326,0.397016829,1,13,41
Y,2006,0,0,0,0,0,0,0,0,0,0,0,0,0,0,0,1,0,0,0,0,7,1,24,126,1365,0.011983102,0,7.5,25
Y,2007,0,0,0,0,0,0,0,0,0,0,0,0,0,0,0,0,1,0,0,0,7,16,33,146,1834,0.072315098,0,15,35
Y,2008,0,0,0,0,0,0,0,0,0,0,0,0,0,0,0,0,0,1,0,0,9,20,20,148,1465,0.482830192,1,20,23
Y,2009,0,0,0,0,0,0,0,0,0,0,0,0,0,0,0,0,0,0,1,0,7,13,21,148,1447,0.755956997,0,13.5,23
Y,2010,0,0,0,0,0,0,0,0,0,0,0,0,0,0,0,0,0,0,0,1,3,14,24,142,1315,0.540489485,1,11,27
Z,1990,1,0,0,0,0,0,0,0,0,0,0,0,0,0,0,0,0,0,0,0,1,17,24,140,1126,0.871675721,1,10.5,27
Z,1991,0,1,0,0,0,0,0,0,0,0,0,0,0,0,0,0,0,0,0,0,5,16,36,144,1371,0.434308049,1,14,39
Z,1992,0,0,1,0,0,0,0,0,0,0,0,0,0,0,0,0,0,0,0,0,5,9,34,122,1648,0.463938911,1,10.5,37
Z,1993,0,0,0,1,0,0,0,0,0,0,0,0,0,0,0,0,0,0,0,0,7,5,31,137,1975,0.349342969,0,9.5,33
Z,1994,0,0,0,0,1,0,,0,0,0,0,0,0,0,0,0,0,0,0,0,9,12,30,146,1256,0.440556437,1,16,33
Z,1995,0,0,0,0,0,1,0,0,0,0,0,0,0,0,0,0,0,0,0,0,6,8,30,140,1816,0.365268764,0,10,32
Z,1996,0,0,0,0,0,0,1,0,0,0,0,0,0,0,0,0,0,0,0,0,3,15,38,133,1985,0.996696907,1,11.5,42
Z,1997,0,0,0,0,0,0,0,1,0,0,0,0,0,0,0,0,0,0,0,0,9,20,20,128,1418,0.455880015,0,19,22
Z,1998,0,0,0,0,0,0,0,0,1,0,0,0,0,0,0,0,0,0,0,0,9,18,20,147,1603,0.883387391,0,18,23
Z,1999,0,0,0,0,0,0,0,0,0,1,0,0,0,0,0,0,0,0,0,0,5,17,31,122,1655,0.277238544,1,14.5,34
Z,2000,0,0,0,0,0,0,0,0,0,0,0,0,0,0,0,0,0,0,0,0,3,8,39,141,1350,0.414470032,1,8,42
Z,2001,0,0,0,0,0,0,0,0,0,0,1,0,0,0,0,0,0,0,0,0,1,16,27,124,1698,0.383634,1,10,30
Z,2002,0,0,0,0,0,0,0,0,0,0,0,1,0,0,0,0,0,0,0,0,6,10,32,148,1698,0.43127281,1,12,35
Z,2003,0,0,0,0,0,0,0,0,0,0,0,0,1,0,0,0,0,0,0,0,3,14,20,149,1492,0.411322628,1,11,23
Z,2004,0,0,0,0,0,0,0,0,0,0,0,0,0,1,0,0,0,0,0,0,8,14,37,128,1186,0.565790926,0,15,39
Z,2005,0,0,0,0,0,0,0,0,0,0,0,0,0,0,1,0,0,0,0,0,3,3,20,121,1900,0.033730107,1,5.5,22
Z,2006,0,0,0,0,0,0,0,0,0,0,0,0,0,0,0,1,0,0,0,0,3,17,23,129,1908,0.449207399,1,12.5,26
Z,2007,0,0,0,0,0,0,0,0,0,0,0,0,0,0,0,0,1,0,0,0,6,12,38,122,1970,0.422266044,0,12,40
Z,2008,0,0,0,0,0,0,0,0,0,0,0,0,0,0,0,0,0,1,0,0,3,12,38,140,1864,0.132898592,0,9,40
Z,2009,0,0,0,0,0,0,0,0,0,0,0,0,0,0,0,0,0,0,1,0,8,1,24,149,1407,0.766691354,0,8.5,26
Z,2010,0,0,0,0,0,0,0,0,0,0,0,0,0,0,0,0,0,0,0,1,8,16,34,123,1203,0.814679468,0,16,36